customer_id,gender,senior_citizen,partner,dependents,tenure_months,phone_service,internet_service,contract,payment_method,tech_support,streaming_tv,streaming_movies,paperless_billing,monthly_charges,total_charges,churn
CUST00001,Female,0,Yes,No,71,Yes,No,Month-to-month,Electronic check,Yes,No,No,Yes,33.66,2356.03,0
CUST00002,Male,0,No,Yes,19,Yes,DSL,One year,Electronic check,No,No internet service,No internet service,No,71.98,1386.86,0
CUST00003,Male,0,Yes,No,30,Yes,Fiber optic,Month-to-month,Mailed check,No internet service,No,Yes,Yes,68.37,1948.48,0
CUST00004,Female,0,No,No,32,Yes,Fiber optic,One year,Electronic check,No,No internet service,No,No,70.14,2466.53,1
CUST00005,Female,0,Yes,No,22,No,DSL,One year,Credit card,No,No,No,No,68.25,1425.43,1
CUST00006,Male,1,Yes,No,66,Yes,Fiber optic,Month-to-month,Bank transfer,No,No internet service,Yes,No,80.59,5235.38,0
CUST00007,Female,0,Yes,No,21,Yes,Fiber optic,One year,Credit card,No,No,No,Yes,68.09,1593.11,0
CUST00008,Male,0,Yes,Yes,25,Yes,Fiber optic,Two year,Electronic check,Yes,No internet service,No,No,73.48,1560.85,0
CUST00009,Female,0,No,No,54,No,No,Month-to-month,Electronic check,No,No internet service,No,No,27.97,1503.0,0
CUST00010,Female,1,Yes,Yes,20,Yes,No,One year,Bank transfer,Yes,No internet service,No,No,18.0,336.15,0
CUST00011,Male,0,No,No,10,Yes,Fiber optic,Two year,Electronic check,No,No internet service,Yes,Yes,80.73,791.16,1
CUST00012,Male,0,Yes,Yes,31,Yes,No,Month-to-month,Electronic check,No,No,Yes,Yes,35.94,997.81,0
CUST00013,Male,0,Yes,Yes,12,Yes,DSL,Two year,Mailed check,No,No,No,No,55.07,630.47,0
CUST00014,Male,1,Yes,No,11,Yes,DSL,Month-to-month,Electronic check,No,No,No,Yes,52.76,569.76,1
CUST00015,Male,0,Yes,No,4,Yes,Fiber optic,One year,Electronic check,No internet service,No,No,No,67.7,269.9,0
CUST00016,Male,0,No,No,5,Yes,Fiber optic,Two year,Electronic check,No internet service,No,Yes,Yes,72.23,376.57,0
CUST00017,Male,0,No,Yes,5,Yes,Fiber optic,Two year,Credit card,No,No,Yes,No,86.8,354.72,0
CUST00018,Female,1,Yes,No,72,Yes,Fiber optic,One year,Electronic check,Yes,No,No,Yes,64.13,4484.33,0
CUST00019,Male,0,No,Yes,5,Yes,No,One year,Bank transfer,Yes,No internet service,No internet service,No,26.51,128.28,0
CUST00020,Female,0,No,Yes,12,Yes,DSL,Month-to-month,Bank transfer,Yes,No internet service,No,Yes,56.01,655.65,0
CUST00021,Male,1,No,No,26,Yes,No,Month-to-month,Mailed check,No,No,No,Yes,19.35,494.17,1
CUST00022,Female,0,No,Yes,42,Yes,Fiber optic,Two year,Mailed check,No internet service,No,No,Yes,82.97,3212.55,0
CUST00023,Female,0,No,No,45,Yes,Fiber optic,Month-to-month,Electronic check,No internet service,No internet service,No,No,70.95,2783.15,0
CUST00024,Male,0,No,Yes,15,No,DSL,Two year,Electronic check,No,No,No internet service,Yes,53.64,800.74,0
CUST00025,Male,0,No,Yes,30,Yes,DSL,Month-to-month,Mailed check,No,No,Yes,Yes,60.88,1662.76,0
CUST00026,Male,0,No,No,25,Yes,Fiber optic,Month-to-month,Credit card,No internet service,No,No,Yes,74.71,1883.05,0
CUST00027,Female,0,No,Yes,28,Yes,Fiber optic,Month-to-month,Mailed check,No,No,Yes,No,86.61,2217.48,0
CUST00028,Male,0,Yes,No,31,Yes,Fiber optic,Month-to-month,Mailed check,No internet service,No,Yes,Yes,90.17,2874.91,1
CUST00029,Male,1,No,No,37,Yes,DSL,Month-to-month,Credit card,No internet service,No,Yes,No,65.66,2371.57,0
CUST00030,Female,0,No,Yes,18,Yes,Fiber optic,Month-to-month,Bank transfer,No internet service,Yes,Yes,Yes,86.18,1521.84,0
CUST00031,Female,0,Yes,No,59,Yes,Fiber optic,Two year,Bank transfer,No,No internet service,Yes,Yes,81.05,4603.85,0
CUST00032,Female,0,No,Yes,22,Yes,No,Two year,Mailed check,No,No internet service,Yes,Yes,34.34,718.86,0
CUST00033,Female,0,No,No,72,No,Fiber optic,One year,Credit card,No,No,Yes,Yes,73.82,5122.06,0
CUST00034,Male,0,Yes,Yes,19,Yes,Fiber optic,Month-to-month,Bank transfer,No internet service,No internet service,Yes,Yes,91.7,1851.57,0
CUST00035,Male,1,No,No,30,Yes,Fiber optic,Month-to-month,Bank transfer,No,No,Yes,No,80.18,2098.94,1
CUST00036,Female,1,No,No,25,Yes,Fiber optic,One year,Bank transfer,No,Yes,No,Yes,84.28,1969.27,0
CUST00037,Male,0,No,No,29,Yes,Fiber optic,Month-to-month,Mailed check,No,No,No internet service,No,75.4,2304.6,0
CUST00038,Male,0,Yes,No,55,No,DSL,Month-to-month,Credit card,No,Yes,No,Yes,70.23,4007.05,0
CUST00039,Female,0,Yes,No,24,Yes,No,Two year,Credit card,Yes,Yes,Yes,Yes,32.97,849.87,0
CUST00040,Male,0,No,No,11,Yes,Fiber optic,Month-to-month,Bank transfer,No internet service,No internet service,No,No,71.95,772.34,1
CUST00041,Female,0,Yes,No,18,Yes,Fiber optic,Two year,Electronic check,No,No,No,No,90.25,1442.1,0
CUST00042,Male,0,Yes,No,24,No,Fiber optic,Month-to-month,Bank transfer,No,Yes,Yes,No,100.7,2181.04,0
CUST00043,Male,0,Yes,No,32,Yes,Fiber optic,Month-to-month,Electronic check,No,No,No,No,73.26,2248.41,0
CUST00044,Female,0,Yes,No,15,Yes,DSL,Month-to-month,Bank transfer,No,No,No,Yes,56.07,869.01,0
CUST00045,Female,0,No,Yes,17,Yes,DSL,Two year,Electronic check,No,No,No,No,41.26,674.89,0
CUST00046,Male,0,No,No,33,Yes,DSL,One year,Credit card,No internet service,No,No,Yes,55.02,1737.19,0
CUST00047,Female,0,No,No,33,Yes,DSL,One year,Credit card,No internet service,No,No,No,58.37,1941.21,0
CUST00048,Male,0,No,No,50,Yes,DSL,Month-to-month,Electronic check,No,No,Yes,No,64.46,3164.79,0
CUST00049,Male,0,Yes,Yes,18,Yes,Fiber optic,Two year,Bank transfer,No internet service,No,Yes,Yes,78.02,1332.96,0
CUST00050,Male,0,Yes,No,40,Yes,DSL,One year,Credit card,No,No internet service,No internet service,Yes,63.98,2328.6,0
CUST00051,Male,0,Yes,Yes,25,Yes,No,One year,Electronic check,No,No,No,No,18.0,470.83,0
CUST00052,Female,0,Yes,No,20,Yes,No,One year,Electronic check,No,No internet service,No,Yes,27.18,572.6,0
CUST00053,Female,0,Yes,No,26,Yes,DSL,Two year,Mailed check,No,No internet service,No internet service,Yes,58.12,1369.02,0
CUST00054,Female,0,Yes,Yes,29,Yes,Fiber optic,One year,Credit card,No,No,No,No,64.94,1792.52,0
CUST00055,Female,0,Yes,No,10,Yes,Fiber optic,Month-to-month,Mailed check,No,Yes,Yes,Yes,101.39,1040.96,1
CUST00056,Female,1,Yes,Yes,11,Yes,No,Two year,Electronic check,No,No,No,Yes,30.98,306.83,0
CUST00057,Male,0,No,No,43,Yes,Fiber optic,Month-to-month,Electronic check,No,No internet service,Yes,No,73.71,3187.16,0
CUST00058,Female,0,No,No,21,Yes,Fiber optic,Two year,Mailed check,No,Yes,No,No,84.14,1691.22,0
CUST00059,Male,0,No,No,32,Yes,DSL,Month-to-month,Electronic check,No,Yes,No,Yes,55.88,1600.09,0
CUST00060,Male,1,No,No,42,Yes,No,Month-to-month,Bank transfer,No internet service,No,Yes,No,27.69,1284.41,0
CUST00061,Male,0,No,Yes,26,Yes,DSL,Month-to-month,Electronic check,Yes,No internet service,Yes,Yes,77.62,1929.52,0
CUST00062,Male,1,Yes,No,40,Yes,No,One year,Bank transfer,No,Yes,No,Yes,35.81,1456.32,0
CUST00063,Female,0,No,No,29,Yes,DSL,Month-to-month,Bank transfer,No,No,No,Yes,61.17,1599.23,0
CUST00064,Male,0,Yes,Yes,30,Yes,Fiber optic,Two year,Credit card,Yes,Yes,Yes,Yes,95.9,3132.09,0
CUST00065,Female,0,Yes,No,58,Yes,Fiber optic,One year,Electronic check,No,No internet service,Yes,No,84.89,5496.32,0
CUST00066,Female,0,Yes,No,24,Yes,DSL,Month-to-month,Bank transfer,No,No,No,Yes,56.87,1194.06,0
CUST00067,Male,0,Yes,No,43,No,DSL,Month-to-month,Bank transfer,Yes,No,No internet service,Yes,66.49,2768.95,0
CUST00068,Female,0,Yes,No,8,Yes,DSL,Two year,Mailed check,No,No internet service,No internet service,No,45.49,390.47,0
CUST00069,Female,0,No,No,31,No,Fiber optic,Two year,Electronic check,Yes,No,No,No,66.66,1957.37,0
CUST00070,Female,1,No,No,67,Yes,Fiber optic,Month-to-month,Electronic check,Yes,No internet service,No,No,71.22,4813.02,1
CUST00071,Male,0,No,Yes,72,No,DSL,Two year,Bank transfer,No,Yes,No,No,71.38,4432.06,0
CUST00072,Female,0,No,No,9,Yes,Fiber optic,Month-to-month,Mailed check,No internet service,Yes,Yes,No,85.4,710.82,0
CUST00073,Female,0,No,No,21,No,DSL,One year,Credit card,No,No,Yes,No,52.73,1108.83,0
CUST00074,Female,0,Yes,Yes,13,Yes,Fiber optic,Two year,Credit card,No,Yes,Yes,No,72.6,885.98,0
CUST00075,Male,0,No,No,25,Yes,No,Month-to-month,Bank transfer,No,No internet service,No internet service,No,24.46,583.84,0
CUST00076,Female,1,No,Yes,48,Yes,No,Month-to-month,Credit card,No,No,No,No,21.18,888.45,0
CUST00077,Female,0,Yes,No,59,Yes,No,One year,Bank transfer,No,Yes,Yes,Yes,33.72,2040.78,0
CUST00078,Female,0,Yes,No,61,Yes,DSL,Month-to-month,Electronic check,No,No,No,Yes,50.38,2723.54,1
CUST00079,Male,0,No,No,8,No,DSL,Month-to-month,Electronic check,Yes,No,Yes,Yes,68.07,592.4,1
CUST00080,Male,0,No,Yes,28,Yes,No,Month-to-month,Credit card,No,No,No,Yes,35.42,924.53,1
CUST00081,Male,0,Yes,No,17,Yes,DSL,One year,Mailed check,No,Yes,No,Yes,68.07,1198.91,0
CUST00082,Female,0,No,No,24,Yes,DSL,Month-to-month,Credit card,No internet service,No internet service,No internet service,Yes,69.52,1717.12,0
CUST00083,Female,0,Yes,No,19,Yes,DSL,Month-to-month,Electronic check,No,No,No,No,56.01,969.52,0
CUST00084,Male,1,Yes,No,8,No,Fiber optic,Two year,Electronic check,No,No internet service,No internet service,No,75.55,567.95,0
CUST00085,Male,1,Yes,No,60,Yes,Fiber optic,One year,Bank transfer,No,No,Yes,Yes,90.82,5165.73,0
CUST00086,Male,1,Yes,No,15,Yes,No,Month-to-month,Credit card,No,No,No,No,23.74,339.27,0
CUST00087,Female,0,No,No,18,Yes,Fiber optic,Month-to-month,Credit card,No,Yes,No internet service,No,80.21,1283.76,0
CUST00088,Female,0,Yes,No,68,Yes,DSL,Month-to-month,Electronic check,No,No,Yes,No,64.0,4427.6,0
CUST00089,Male,1,No,Yes,7,Yes,Fiber optic,Month-to-month,Mailed check,No internet service,Yes,No internet service,Yes,84.74,552.72,1
CUST00090,Male,0,Yes,No,37,Yes,No,Month-to-month,Bank transfer,No,No internet service,No internet service,No,32.22,1158.77,0
CUST00091,Female,0,No,No,53,Yes,DSL,Month-to-month,Credit card,No,Yes,No,Yes,69.81,3886.57,0
CUST00092,Male,0,No,No,64,Yes,No,Month-to-month,Electronic check,No,No,Yes,No,31.16,2034.18,0
CUST00093,Male,0,No,No,35,Yes,Fiber optic,One year,Bank transfer,No internet service,No,Yes,Yes,68.0,2228.89,0
CUST00094,Female,0,No,No,44,Yes,No,Month-to-month,Electronic check,Yes,No,No,Yes,24.61,1140.08,1
CUST00095,Male,1,No,Yes,53,Yes,No,Month-to-month,Bank transfer,No internet service,No,No internet service,Yes,23.46,1276.44,0
CUST00096,Female,0,No,No,25,No,Fiber optic,Two year,Electronic check,Yes,No internet service,Yes,No,81.89,1905.15,0
CUST00097,Female,0,No,No,14,No,Fiber optic,Month-to-month,Credit card,Yes,No,No,No,72.93,963.86,0
CUST00098,Male,0,No,No,71,No,Fiber optic,One year,Electronic check,No internet service,No internet service,Yes,No,92.58,6902.07,0
CUST00099,Male,0,Yes,No,41,Yes,No,Month-to-month,Bank transfer,No,No,No,No,19.43,824.12,0
CUST00100,Female,0,Yes,No,28,Yes,No,One year,Bank transfer,No,No,No,Yes,18.0,440.91,0
CUST00101,Male,0,Yes,No,9,Yes,Fiber optic,Month-to-month,Electronic check,No,No internet service,No,No,62.86,514.6,0
CUST00102,Female,0,Yes,No,3,Yes,DSL,Month-to-month,Electronic check,No internet service,Yes,No,Yes,61.93,191.12,1
CUST00103,Male,0,Yes,No,36,No,No,Two year,Bank transfer,No internet service,Yes,No,No,41.66,1346.48,0
CUST00104,Female,0,Yes,No,3,Yes,No,Month-to-month,Bank transfer,No,Yes,No,No,22.62,70.33,0
CUST00105,Male,1,No,Yes,28,Yes,Fiber optic,Month-to-month,Bank transfer,No internet service,No,No,Yes,62.69,1958.07,1
CUST00106,Male,0,Yes,No,16,No,No,Month-to-month,Bank transfer,No,No,Yes,Yes,36.31,584.52,0
CUST00107,Male,0,No,No,19,Yes,Fiber optic,Month-to-month,Electronic check,No,Yes,Yes,No,94.79,1648.63,1
CUST00108,Male,0,Yes,No,61,Yes,Fiber optic,Month-to-month,Credit card,No,Yes,No internet service,No,67.61,4092.68,0
CUST00109,Female,0,No,No,16,Yes,Fiber optic,Month-to-month,Electronic check,No,Yes,No,No,65.82,1108.33,1
CUST00110,Male,0,Yes,No,29,Yes,DSL,Month-to-month,Bank transfer,No,No,Yes,No,60.71,1737.57,0
CUST00111,Female,0,Yes,No,16,Yes,Fiber optic,One year,Credit card,No internet service,Yes,No,No,85.26,1383.08,0
CUST00112,Male,0,Yes,No,34,Yes,Fiber optic,Two year,Credit card,No,No internet service,No,Yes,73.15,2298.18,0
CUST00113,Male,0,No,No,31,Yes,DSL,Month-to-month,Electronic check,No internet service,No internet service,Yes,Yes,61.0,1757.39,0
CUST00114,Female,0,Yes,Yes,28,Yes,DSL,Two year,Electronic check,Yes,No,No,No,64.92,1896.69,0
CUST00115,Male,0,No,No,53,Yes,Fiber optic,Month-to-month,Bank transfer,No,No internet service,Yes,Yes,80.99,3992.67,0
CUST00116,Male,0,Yes,No,7,Yes,No,Month-to-month,Electronic check,No internet service,No internet service,No internet service,No,24.14,135.01,0
CUST00117,Female,0,No,No,5,Yes,No,One year,Bank transfer,No,No,No,Yes,18.0,86.27,0
CUST00118,Female,0,Yes,Yes,10,Yes,DSL,One year,Mailed check,No,No,No internet service,No,52.84,529.45,0
CUST00119,Female,0,No,No,31,Yes,No,Month-to-month,Electronic check,No,No internet service,No,Yes,40.66,1328.65,1
CUST00120,Female,0,Yes,No,38,Yes,DSL,Two year,Mailed check,No,No,No internet service,No,56.31,2343.5,0
CUST00121,Female,0,Yes,No,1,Yes,DSL,Two year,Bank transfer,Yes,No,No,Yes,51.35,50.63,0
CUST00122,Male,1,Yes,Yes,38,Yes,Fiber optic,Month-to-month,Bank transfer,Yes,Yes,Yes,No,84.94,3311.97,0
CUST00123,Male,0,Yes,No,21,Yes,Fiber optic,One year,Mailed check,No,No,No internet service,Yes,72.95,1514.25,0
CUST00124,Female,0,Yes,No,72,Yes,No,Two year,Electronic check,No,No internet service,No internet service,No,32.07,2320.09,0
CUST00125,Male,1,No,Yes,36,Yes,DSL,Two year,Mailed check,Yes,No,No internet service,Yes,63.97,2226.74,0
CUST00126,Male,0,Yes,Yes,67,No,DSL,One year,Bank transfer,No internet service,No,No internet service,Yes,53.59,3615.85,0
CUST00127,Female,0,Yes,Yes,59,No,Fiber optic,Month-to-month,Bank transfer,No,No,No,No,82.17,4503.36,0
CUST00128,Male,1,No,No,21,Yes,DSL,One year,Credit card,No internet service,No internet service,No,Yes,65.52,1539.11,1
CUST00129,Male,0,Yes,Yes,48,Yes,DSL,Month-to-month,Credit card,No internet service,No,No internet service,Yes,55.44,2162.46,0
CUST00130,Male,0,Yes,No,21,Yes,DSL,One year,Mailed check,No,No,Yes,Yes,65.97,1413.02,0
CUST00131,Male,0,No,No,72,Yes,DSL,One year,Credit card,No internet service,No,No internet service,Yes,63.81,4605.2,0
CUST00132,Male,0,No,No,23,No,Fiber optic,One year,Electronic check,Yes,No,No internet service,Yes,80.6,1864.9,0
CUST00133,Female,0,No,No,39,Yes,DSL,Month-to-month,Mailed check,No,No internet service,No,Yes,46.85,1639.32,0
CUST00134,Male,1,Yes,No,72,Yes,Fiber optic,Month-to-month,Mailed check,No internet service,Yes,No,Yes,80.56,5002.95,1
CUST00135,Male,1,No,Yes,40,Yes,Fiber optic,One year,Bank transfer,No internet service,No internet service,No,Yes,71.75,2934.3,0
CUST00136,Female,0,Yes,No,20,Yes,Fiber optic,Month-to-month,Bank transfer,No,Yes,No internet service,Yes,75.43,1620.04,0
CUST00137,Male,0,No,Yes,9,Yes,Fiber optic,Month-to-month,Electronic check,No,No internet service,Yes,Yes,75.39,675.4,1
CUST00138,Female,0,No,Yes,7,Yes,Fiber optic,Month-to-month,Credit card,No,No,No,No,80.44,583.56,1
CUST00139,Female,1,No,No,38,Yes,No,Two year,Credit card,No internet service,No,No,No,29.28,1054.7,0
CUST00140,Female,0,Yes,Yes,26,Yes,DSL,Month-to-month,Credit card,No,No,No internet service,Yes,75.85,1978.43,0
CUST00141,Male,1,Yes,Yes,11,Yes,No,One year,Mailed check,No,No,No,No,20.44,239.63,0
CUST00142,Female,0,No,No,45,Yes,DSL,Month-to-month,Credit card,No,No internet service,No,Yes,60.1,2591.05,1
CUST00143,Female,0,No,No,45,Yes,Fiber optic,Two year,Bank transfer,No,Yes,Yes,No,90.48,4328.11,0
CUST00144,Female,0,No,Yes,26,Yes,Fiber optic,Month-to-month,Bank transfer,No,Yes,No,Yes,87.17,1961.77,1
CUST00145,Male,0,No,No,69,Yes,DSL,Month-to-month,Mailed check,No,Yes,No internet service,Yes,77.87,5035.01,0
CUST00146,Male,0,No,No,6,Yes,DSL,Month-to-month,Credit card,No,No,No,No,59.75,365.03,0
CUST00147,Female,0,Yes,No,20,Yes,DSL,Month-to-month,Bank transfer,No,No,No,Yes,50.24,1118.54,1
CUST00148,Female,1,Yes,Yes,40,Yes,DSL,Two year,Bank transfer,No,Yes,No,No,61.31,2405.8,0
CUST00149,Male,0,Yes,No,12,Yes,Fiber optic,One year,Credit card,No,No internet service,No,Yes,73.14,796.6,0
CUST00150,Female,0,Yes,No,48,Yes,DSL,One year,Electronic check,No,No,No,Yes,67.98,3627.21,0
CUST00151,Male,0,Yes,Yes,57,Yes,No,One year,Bank transfer,No,No,No,Yes,18.0,996.42,0
CUST00152,Female,0,No,Yes,2,Yes,No,Two year,Electronic check,No,No,No,No,18.0,36.96,0
CUST00153,Male,1,No,Yes,70,Yes,DSL,Two year,Mailed check,No,No,No,Yes,65.06,4356.5,0
CUST00154,Female,0,No,No,39,Yes,DSL,One year,Electronic check,No,Yes,No,Yes,56.65,2187.17,0
CUST00155,Female,0,Yes,Yes,19,No,Fiber optic,Month-to-month,Electronic check,Yes,No internet service,No internet service,No,63.0,1125.96,0
CUST00156,Male,0,No,No,8,Yes,No,Month-to-month,Mailed check,No internet service,No,Yes,Yes,42.09,383.2,1
CUST00157,Female,1,No,No,52,Yes,Fiber optic,One year,Electronic check,No internet service,No,Yes,Yes,78.23,4325.81,0
CUST00158,Male,0,No,Yes,10,Yes,DSL,Two year,Electronic check,No,Yes,No,Yes,64.62,713.26,0
CUST00159,Male,1,No,No,39,Yes,No,One year,Bank transfer,No,No internet service,No internet service,No,35.95,1296.63,0
CUST00160,Male,0,No,Yes,10,Yes,Fiber optic,Month-to-month,Electronic check,No,No internet service,No,Yes,63.5,541.18,0
CUST00161,Male,0,No,Yes,28,Yes,Fiber optic,One year,Electronic check,No,No,No,No,61.89,1662.72,1
CUST00162,Male,1,Yes,No,51,Yes,No,Month-to-month,Electronic check,Yes,Yes,No,No,46.03,2714.1,0
CUST00163,Female,1,No,No,19,Yes,No,Month-to-month,Electronic check,No internet service,No,Yes,Yes,34.87,634.35,1
CUST00164,Female,1,Yes,No,70,Yes,Fiber optic,Two year,Electronic check,Yes,No,No internet service,Yes,77.44,5711.49,0
CUST00165,Female,0,Yes,No,41,No,DSL,One year,Credit card,No internet service,No,No,Yes,56.51,2104.36,0
CUST00166,Male,0,Yes,Yes,12,No,Fiber optic,Month-to-month,Bank transfer,Yes,No,No,Yes,71.15,787.18,0
CUST00167,Female,0,No,No,8,Yes,DSL,Month-to-month,Mailed check,No,No,No internet service,Yes,53.37,416.04,1
CUST00168,Female,0,No,Yes,15,Yes,Fiber optic,One year,Mailed check,No,No internet service,No,Yes,74.54,1260.86,1
CUST00169,Female,1,No,No,27,Yes,DSL,Month-to-month,Electronic check,No,No,Yes,No,73.65,2101.93,0
CUST00170,Female,1,Yes,No,72,Yes,Fiber optic,Month-to-month,Bank transfer,No internet service,No,Yes,Yes,81.57,4911.49,0
CUST00171,Female,0,Yes,No,72,No,Fiber optic,One year,Credit card,No,No internet service,Yes,No,88.49,6541.21,0
CUST00172,Female,0,No,No,18,Yes,No,One year,Electronic check,Yes,No,No internet service,No,30.3,490.64,0
CUST00173,Male,0,Yes,No,18,Yes,No,Month-to-month,Electronic check,No internet service,Yes,No internet service,Yes,24.61,412.99,1
CUST00174,Male,0,No,No,46,Yes,DSL,Month-to-month,Bank transfer,No,No,No,No,57.84,2702.48,0
CUST00175,Male,0,Yes,Yes,45,Yes,DSL,One year,Electronic check,Yes,No,No internet service,No,55.41,2687.67,0
CUST00176,Female,0,No,Yes,63,Yes,Fiber optic,Month-to-month,Electronic check,Yes,No internet service,Yes,Yes,86.03,5823.39,0
CUST00177,Male,0,No,Yes,64,Yes,DSL,Month-to-month,Bank transfer,No,No internet service,Yes,Yes,70.69,4538.68,0
CUST00178,Female,0,No,No,14,Yes,DSL,Month-to-month,Bank transfer,No internet service,No,Yes,Yes,68.02,956.27,0
CUST00179,Male,0,Yes,No,7,Yes,Fiber optic,Month-to-month,Electronic check,Yes,No internet service,No internet service,Yes,80.11,602.4,0
CUST00180,Male,0,No,Yes,41,Yes,Fiber optic,Two year,Credit card,No,Yes,Yes,No,73.07,2605.54,0
CUST00181,Male,1,No,No,32,Yes,DSL,Month-to-month,Electronic check,No,Yes,Yes,No,70.17,2487.76,1
CUST00182,Female,0,No,No,4,Yes,Fiber optic,Two year,Electronic check,No,Yes,Yes,Yes,83.85,311.41,0
CUST00183,Female,0,No,Yes,7,Yes,No,Month-to-month,Bank transfer,No,No,No,No,27.01,188.74,0
CUST00184,Male,0,Yes,No,40,Yes,Fiber optic,One year,Bank transfer,No,Yes,No,No,84.42,3191.96,0
CUST00185,Female,0,No,No,25,No,DSL,Month-to-month,Bank transfer,No,Yes,Yes,Yes,74.99,1685.55,0
CUST00186,Female,1,Yes,No,41,Yes,Fiber optic,One year,Bank transfer,No,No internet service,No internet service,Yes,61.48,2551.71,0
CUST00187,Female,0,Yes,No,11,Yes,No,Two year,Bank transfer,Yes,No,No internet service,Yes,28.25,309.68,0
CUST00188,Female,0,No,No,43,Yes,DSL,Month-to-month,Credit card,No,Yes,Yes,No,76.02,3179.37,0
CUST00189,Female,1,No,No,35,Yes,Fiber optic,Month-to-month,Bank transfer,No,No,No internet service,Yes,60.25,2044.04,1
CUST00190,Female,1,Yes,No,45,Yes,Fiber optic,Two year,Mailed check,No,Yes,No internet service,Yes,77.64,3797.12,0
CUST00191,Male,0,Yes,No,19,Yes,Fiber optic,Two year,Bank transfer,No,Yes,No internet service,No,82.99,1787.31,0
CUST00192,Male,0,Yes,No,16,Yes,DSL,Two year,Electronic check,No,No,Yes,Yes,80.23,1370.59,0
CUST00193,Male,0,Yes,No,8,Yes,No,Month-to-month,Bank transfer,Yes,No,No internet service,Yes,18.0,143.92,0
CUST00194,Female,0,No,No,22,Yes,DSL,Month-to-month,Electronic check,No,No internet service,No,No,65.32,1243.6,1
CUST00195,Male,0,Yes,Yes,56,Yes,DSL,Month-to-month,Mailed check,No,No,Yes,No,58.39,3347.99,0
CUST00196,Female,0,No,Yes,66,Yes,DSL,One year,Bank transfer,No,No,No,Yes,48.84,3310.46,0
CUST00197,Female,1,Yes,No,10,Yes,Fiber optic,Month-to-month,Bank transfer,No,No,Yes,No,70.31,727.0,1
CUST00198,Female,0,Yes,No,27,Yes,DSL,Month-to-month,Electronic check,No,No internet service,No internet service,Yes,63.84,1551.54,0
CUST00199,Female,0,No,No,72,Yes,Fiber optic,One year,Mailed check,No,No internet service,No,Yes,73.04,5466.63,0
CUST00200,Male,0,Yes,No,72,Yes,No,Month-to-month,Credit card,No internet service,No,No,Yes,22.48,1763.12,0
CUST00201,Female,0,Yes,Yes,21,Yes,DSL,One year,Credit card,No,Yes,Yes,Yes,78.66,1505.2,0
CUST00202,Male,0,No,Yes,59,Yes,No,Month-to-month,Mailed check,Yes,Yes,No internet service,Yes,33.33,2021.39,1
CUST00203,Female,1,No,No,52,Yes,No,Two year,Electronic check,No,Yes,Yes,Yes,41.88,2010.45,0
CUST00204,Male,1,No,Yes,50,Yes,DSL,Month-to-month,Mailed check,No,No internet service,No internet service,Yes,56.57,2751.29,1
CUST00205,Female,0,Yes,No,6,Yes,Fiber optic,One year,Mailed check,No,No,No,No,63.78,349.61,1
CUST00206,Female,0,No,No,17,Yes,No,Month-to-month,Electronic check,No,Yes,Yes,Yes,54.53,885.71,1
CUST00207,Male,0,No,No,24,Yes,No,Month-to-month,Credit card,Yes,Yes,No,Yes,44.2,1014.12,0
CUST00208,Male,0,No,No,24,Yes,Fiber optic,Month-to-month,Mailed check,Yes,No internet service,No internet service,Yes,84.72,2051.29,0
CUST00209,Female,1,Yes,No,26,Yes,No,Two year,Mailed check,No,No,No internet service,No,20.69,560.71,0
CUST00210,Male,0,Yes,No,72,Yes,Fiber optic,Month-to-month,Mailed check,No internet service,Yes,Yes,Yes,82.54,6329.95,0
CUST00211,Female,0,Yes,Yes,22,No,DSL,Month-to-month,Electronic check,No,No internet service,Yes,Yes,63.68,1309.0,0
CUST00212,Male,0,Yes,No,36,Yes,DSL,One year,Mailed check,No,No,Yes,No,75.59,2735.37,0
CUST00213,Male,0,No,No,35,Yes,Fiber optic,Month-to-month,Mailed check,No,No,No,Yes,72.0,2275.88,1
CUST00214,Female,0,Yes,Yes,27,Yes,Fiber optic,Month-to-month,Mailed check,No internet service,No,Yes,No,75.65,1985.87,0
CUST00215,Male,0,Yes,No,11,Yes,DSL,Month-to-month,Bank transfer,No internet service,No,Yes,Yes,69.91,755.93,1
CUST00216,Female,0,Yes,No,29,Yes,DSL,Month-to-month,Mailed check,No,No,No,No,53.11,1409.92,0
CUST00217,Female,0,No,Yes,4,No,No,Month-to-month,Bank transfer,No,No internet service,No internet service,Yes,18.0,73.38,0
CUST00218,Female,0,Yes,No,39,Yes,Fiber optic,Month-to-month,Credit card,No internet service,No internet service,Yes,No,81.03,3062.51,1
CUST00219,Female,0,Yes,No,3,Yes,DSL,Month-to-month,Mailed check,No,No,No,Yes,54.87,163.1,1
CUST00220,Male,0,Yes,No,36,Yes,DSL,Month-to-month,Mailed check,No,No,Yes,Yes,66.89,2566.29,1
CUST00221,Female,1,No,No,17,No,DSL,One year,Credit card,No,No internet service,No,No,37.52,605.99,1
CUST00222,Female,0,Yes,No,12,No,DSL,One year,Mailed check,No,Yes,No,Yes,59.86,746.7,0
CUST00223,Male,0,No,No,46,Yes,Fiber optic,Month-to-month,Mailed check,No,Yes,No internet service,Yes,79.64,3960.18,0
CUST00224,Female,0,Yes,No,20,Yes,DSL,Month-to-month,Credit card,No,No internet service,No,No,46.87,1009.31,0
CUST00225,Male,0,Yes,Yes,28,Yes,No,One year,Bank transfer,No,Yes,Yes,Yes,29.14,788.86,0
CUST00226,Female,0,Yes,Yes,6,Yes,DSL,Month-to-month,Credit card,No,No,No,Yes,59.31,324.51,0
CUST00227,Male,0,Yes,No,69,Yes,DSL,Two year,Mailed check,No,No,Yes,Yes,72.61,4660.91,0
CUST00228,Male,1,Yes,No,30,Yes,No,Month-to-month,Mailed check,Yes,No,Yes,Yes,25.87,674.38,0
CUST00229,Male,0,No,Yes,30,No,Fiber optic,Month-to-month,Electronic check,No,Yes,No internet service,Yes,77.9,2402.49,0
CUST00230,Female,0,No,No,39,Yes,Fiber optic,Month-to-month,Electronic check,Yes,No,No,No,70.09,2821.98,1
CUST00231,Female,0,Yes,No,2,Yes,DSL,One year,Mailed check,No internet service,Yes,No internet service,Yes,54.5,107.72,0
CUST00232,Male,0,Yes,No,72,Yes,Fiber optic,Month-to-month,Electronic check,Yes,Yes,Yes,Yes,97.47,6201.46,0
CUST00233,Female,0,No,No,21,Yes,Fiber optic,Month-to-month,Mailed check,Yes,No,No internet service,Yes,70.54,1413.84,0
CUST00234,Male,0,Yes,No,71,Yes,No,Month-to-month,Electronic check,No internet service,Yes,No internet service,Yes,31.62,2417.03,0
CUST00235,Female,0,Yes,No,20,Yes,Fiber optic,One year,Electronic check,Yes,No,No,Yes,74.98,1533.61,0
CUST00236,Male,0,Yes,No,17,Yes,No,Month-to-month,Mailed check,No,No internet service,Yes,No,20.52,360.98,0
CUST00237,Male,1,Yes,Yes,37,Yes,Fiber optic,One year,Bank transfer,No,No,No internet service,Yes,79.36,3557.54,0
CUST00238,Female,0,Yes,No,72,Yes,Fiber optic,Month-to-month,Electronic check,No internet service,No,No internet service,No,80.4,5805.97,0
CUST00239,Female,1,No,Yes,59,Yes,Fiber optic,Month-to-month,Bank transfer,Yes,No,Yes,Yes,81.12,3967.15,0
CUST00240,Male,0,No,No,40,Yes,Fiber optic,Month-to-month,Electronic check,Yes,No internet service,No internet service,Yes,75.7,2734.05,1
CUST00241,Female,0,No,Yes,37,Yes,Fiber optic,Two year,Electronic check,No,No internet service,No internet service,Yes,69.39,2571.0,0
CUST00242,Male,0,Yes,No,29,Yes,Fiber optic,Month-to-month,Credit card,No internet service,No internet service,Yes,Yes,86.91,2473.29,0
CUST00243,Female,0,Yes,No,69,Yes,DSL,Month-to-month,Credit card,No internet service,Yes,No,No,60.42,4035.41,0
CUST00244,Male,0,Yes,Yes,47,No,Fiber optic,Two year,Mailed check,No,Yes,No,No,79.74,3632.31,0
CUST00245,Male,0,Yes,No,8,Yes,DSL,Month-to-month,Mailed check,No,Yes,No,No,67.22,497.48,0
CUST00246,Female,0,Yes,Yes,12,Yes,Fiber optic,Month-to-month,Credit card,Yes,Yes,No internet service,Yes,79.69,962.18,0
CUST00247,Male,1,Yes,No,41,No,DSL,Month-to-month,Mailed check,No,Yes,No internet service,Yes,75.55,3337.94,0
CUST00248,Female,0,Yes,No,10,Yes,DSL,One year,Electronic check,No,No internet service,Yes,No,84.51,930.68,0
CUST00249,Male,0,Yes,No,30,Yes,DSL,Month-to-month,Electronic check,No internet service,Yes,No,No,66.12,2180.53,1
CUST00250,Female,0,Yes,No,49,No,DSL,Two year,Electronic check,Yes,Yes,No,Yes,70.76,3165.88,0
CUST00251,Female,0,No,No,38,Yes,DSL,One year,Bank transfer,No internet service,No internet service,No,Yes,52.58,1955.26,0
CUST00252,Female,1,Yes,No,9,Yes,DSL,Month-to-month,Bank transfer,Yes,No internet service,No,Yes,67.26,579.93,1
CUST00253,Female,0,No,No,13,Yes,Fiber optic,Month-to-month,Electronic check,No internet service,Yes,No,Yes,75.86,1007.32,0
CUST00254,Female,0,Yes,No,38,Yes,Fiber optic,Two year,Electronic check,No,Yes,Yes,No,113.16,4189.19,0
CUST00255,Male,0,No,No,72,Yes,No,Two year,Electronic check,Yes,No internet service,No,Yes,18.0,1249.61,0
CUST00256,Female,0,Yes,Yes,26,No,No,Two year,Bank transfer,No internet service,No internet service,No internet service,No,42.18,1186.41,0
CUST00257,Male,0,No,No,51,Yes,DSL,Month-to-month,Credit card,No,No,No,Yes,66.93,3368.67,0
CUST00258,Female,0,Yes,Yes,38,Yes,Fiber optic,One year,Mailed check,No internet service,No,No,No,63.02,2367.68,0
CUST00259,Female,0,Yes,No,16,Yes,Fiber optic,One year,Bank transfer,No,No,No internet service,Yes,90.56,1461.89,0
CUST00260,Male,0,No,No,51,Yes,Fiber optic,Two year,Electronic check,No internet service,No internet service,No internet service,No,64.57,3383.08,0
CUST00261,Male,0,Yes,No,6,Yes,Fiber optic,Month-to-month,Bank transfer,No internet service,Yes,No,No,77.49,477.84,0
CUST00262,Female,0,Yes,Yes,48,Yes,Fiber optic,Two year,Mailed check,No,No,Yes,Yes,69.63,3638.53,0
CUST00263,Female,0,No,Yes,39,Yes,Fiber optic,One year,Electronic check,No,No internet service,No,Yes,70.83,2458.53,0
CUST00264,Male,0,Yes,No,18,Yes,Fiber optic,Two year,Mailed check,No,No,No,Yes,71.58,1291.93,0
CUST00265,Male,1,No,Yes,11,Yes,Fiber optic,One year,Credit card,No,Yes,No,Yes,86.64,927.15,0
CUST00266,Male,0,No,No,19,No,DSL,Two year,Electronic check,No,No,Yes,No,86.51,1576.2,0
CUST00267,Female,0,Yes,No,15,Yes,No,Month-to-month,Mailed check,No,No,No,No,20.9,323.86,0
CUST00268,Female,1,Yes,No,23,Yes,No,Month-to-month,Credit card,No,Yes,No,No,18.0,443.29,0
CUST00269,Male,0,Yes,Yes,21,Yes,DSL,Month-to-month,Credit card,No,No,No internet service,Yes,64.19,1265.19,0
CUST00270,Male,0,No,No,18,Yes,No,Two year,Mailed check,Yes,No,No,No,20.6,407.17,0
CUST00271,Female,0,Yes,No,6,No,No,Month-to-month,Electronic check,No internet service,No internet service,Yes,No,47.55,251.0,0
CUST00272,Female,0,Yes,No,10,Yes,Fiber optic,One year,Credit card,No internet service,Yes,Yes,Yes,87.72,895.9,0
CUST00273,Female,1,Yes,Yes,56,Yes,DSL,Two year,Electronic check,No,No internet service,No,No,52.93,2719.99,0
CUST00274,Male,0,No,Yes,18,Yes,No,Two year,Electronic check,Yes,No,No,Yes,18.0,302.96,0
CUST00275,Female,0,No,No,23,Yes,Fiber optic,One year,Electronic check,No,No internet service,Yes,Yes,84.98,1923.67,0
CUST00276,Female,0,No,No,20,Yes,DSL,Two year,Mailed check,No,No internet service,No internet service,No,56.8,1081.57,0
CUST00277,Female,0,No,No,70,Yes,Fiber optic,Month-to-month,Bank transfer,No,No internet service,No internet service,Yes,83.74,4569.69,1
CUST00278,Male,0,No,Yes,15,No,Fiber optic,Month-to-month,Credit card,No,No internet service,No internet service,Yes,70.32,1078.85,1
CUST00279,Female,0,No,No,14,Yes,DSL,Month-to-month,Mailed check,No,No,No,Yes,70.32,1018.53,0
CUST00280,Female,0,No,Yes,40,Yes,No,Two year,Credit card,No,Yes,No internet service,No,21.96,850.93,0
CUST00281,Female,0,No,Yes,32,Yes,DSL,Month-to-month,Bank transfer,Yes,No,No,Yes,45.09,1389.82,0
CUST00282,Female,0,Yes,No,41,Yes,Fiber optic,Month-to-month,Bank transfer,No,No,No,Yes,78.63,3075.2,0
CUST00283,Male,0,No,No,39,Yes,Fiber optic,One year,Electronic check,No,No,Yes,Yes,76.28,2559.02,0
CUST00284,Female,0,No,Yes,52,Yes,DSL,Month-to-month,Electronic check,Yes,No,Yes,Yes,64.89,2877.55,0
CUST00285,Female,0,Yes,No,9,Yes,Fiber optic,Two year,Bank transfer,No internet service,Yes,Yes,Yes,79.9,745.17,1
CUST00286,Male,0,Yes,Yes,37,Yes,Fiber optic,Month-to-month,Bank transfer,No,No,No internet service,No,63.32,2470.59,0
CUST00287,Female,0,Yes,Yes,14,Yes,Fiber optic,Two year,Electronic check,No,Yes,No,No,85.09,1217.2,0
CUST00288,Male,0,No,No,4,Yes,Fiber optic,Month-to-month,Mailed check,No,No,No internet service,No,71.85,289.28,1
CUST00289,Male,0,Yes,No,39,Yes,No,Two year,Mailed check,No,No,No,No,18.0,726.42,0
CUST00290,Female,0,No,No,37,Yes,No,One year,Mailed check,No,No,Yes,Yes,39.32,1498.67,0
CUST00291,Male,0,Yes,No,27,Yes,DSL,Month-to-month,Electronic check,No,No internet service,No,Yes,68.4,1708.36,0
CUST00292,Female,0,No,Yes,52,Yes,Fiber optic,Month-to-month,Electronic check,Yes,No,Yes,Yes,79.13,4096.54,0
CUST00293,Male,0,Yes,No,14,Yes,Fiber optic,Two year,Electronic check,No,No internet service,No internet service,Yes,80.03,1074.79,0
CUST00294,Female,0,No,No,43,Yes,No,Month-to-month,Credit card,Yes,No,Yes,No,24.99,1031.8,0
CUST00295,Male,0,No,Yes,25,Yes,No,One year,Credit card,Yes,Yes,Yes,Yes,45.62,1208.72,0
CUST00296,Male,0,Yes,No,26,Yes,Fiber optic,Month-to-month,Electronic check,No,No,No,No,73.29,2077.47,0
CUST00297,Male,0,Yes,Yes,5,Yes,No,One year,Electronic check,No internet service,Yes,No internet service,Yes,26.67,108.78,0
CUST00298,Female,0,Yes,No,53,Yes,Fiber optic,Month-to-month,Mailed check,No,No internet service,No,Yes,88.42,4508.86,0
CUST00299,Female,0,Yes,No,36,Yes,DSL,One year,Electronic check,No internet service,No internet service,Yes,No,68.86,2376.03,0
CUST00300,Female,0,No,Yes,42,Yes,Fiber optic,One year,Credit card,No,Yes,No,Yes,75.27,3355.14,0
CUST00301,Female,0,No,No,13,Yes,Fiber optic,Month-to-month,Mailed check,No,No,Yes,Yes,80.16,915.44,1
CUST00302,Male,0,No,Yes,33,Yes,Fiber optic,Month-to-month,Credit card,No internet service,No,No,Yes,65.04,1654.23,1
CUST00303,Female,0,No,No,24,No,Fiber optic,Two year,Electronic check,Yes,Yes,No,Yes,70.74,1761.37,0
CUST00304,Male,0,Yes,Yes,38,Yes,No,One year,Credit card,Yes,No,Yes,Yes,29.4,1170.16,0
CUST00305,Male,0,No,Yes,32,Yes,No,Two year,Bank transfer,No internet service,No,No,No,21.95,600.64,0
CUST00306,Female,0,No,No,72,Yes,DSL,Two year,Bank transfer,No,No internet service,Yes,No,60.57,4235.84,0
CUST00307,Female,1,Yes,No,63,Yes,Fiber optic,One year,Credit card,No internet service,No,Yes,No,90.01,6164.61,0
CUST00308,Male,0,No,Yes,22,Yes,Fiber optic,One year,Mailed check,Yes,No,No,No,65.87,1310.8,0
CUST00309,Female,0,Yes,No,39,Yes,DSL,Two year,Electronic check,No,No,Yes,Yes,59.54,2292.04,0
CUST00310,Female,1,No,Yes,21,Yes,No,Month-to-month,Mailed check,No,Yes,Yes,No,31.51,672.0,0
CUST00311,Male,1,No,No,51,Yes,Fiber optic,Month-to-month,Credit card,No,No,No,Yes,61.74,2771.1,1
CUST00312,Male,0,No,No,25,Yes,DSL,Two year,Credit card,No internet service,No,No,Yes,67.22,1580.56,0
CUST00313,Female,1,Yes,Yes,19,No,No,Two year,Mailed check,No,No,No internet service,No,27.07,443.17,0
CUST00314,Female,1,No,No,33,Yes,Fiber optic,Month-to-month,Bank transfer,No,No internet service,No internet service,Yes,77.52,2477.53,0
CUST00315,Female,0,Yes,No,60,Yes,DSL,Month-to-month,Electronic check,No internet service,Yes,No,Yes,75.15,4169.16,1
CUST00316,Male,0,No,No,54,Yes,DSL,One year,Electronic check,No internet service,No,No,No,56.33,3025.21,0
CUST00317,Male,0,Yes,No,20,No,No,One year,Bank transfer,Yes,Yes,No,Yes,44.78,917.49,0
CUST00318,Male,0,No,No,72,Yes,No,Month-to-month,Mailed check,Yes,No internet service,No internet service,Yes,19.98,1549.62,0
CUST00319,Male,0,No,No,13,Yes,Fiber optic,One year,Electronic check,No internet service,Yes,No,Yes,71.23,1058.65,0
CUST00320,Male,0,Yes,No,17,No,DSL,Month-to-month,Bank transfer,No,Yes,No internet service,Yes,69.99,1183.33,0
CUST00321,Female,0,Yes,No,50,Yes,DSL,Month-to-month,Mailed check,No,No,No,Yes,60.16,2881.18,0
CUST00322,Female,0,No,No,4,Yes,Fiber optic,One year,Mailed check,Yes,No,Yes,Yes,81.14,309.56,0
CUST00323,Male,0,Yes,No,28,Yes,Fiber optic,Month-to-month,Electronic check,Yes,No,No internet service,Yes,80.12,2046.97,0
CUST00324,Male,0,Yes,No,22,Yes,Fiber optic,Two year,Electronic check,No internet service,No internet service,Yes,Yes,80.85,1798.93,0
CUST00325,Male,0,Yes,No,72,Yes,DSL,Month-to-month,Bank transfer,No,No,No internet service,Yes,61.5,4186.05,0
CUST00326,Female,0,Yes,No,11,No,Fiber optic,Two year,Credit card,No internet service,No,No,Yes,82.88,926.51,0
CUST00327,Female,0,No,No,13,Yes,Fiber optic,Month-to-month,Electronic check,No,No internet service,No,Yes,74.13,881.48,1
CUST00328,Female,1,No,No,72,Yes,Fiber optic,Two year,Credit card,No,No,No,Yes,75.95,5180.62,0
CUST00329,Female,1,Yes,No,23,Yes,DSL,One year,Bank transfer,No,Yes,Yes,Yes,63.66,1479.21,0
CUST00330,Male,1,Yes,No,59,Yes,Fiber optic,Month-to-month,Credit card,No internet service,No internet service,No,Yes,101.75,5830.7,0
CUST00331,Male,1,Yes,No,20,Yes,Fiber optic,Two year,Bank transfer,No,No,No,No,59.27,1002.35,0
CUST00332,Female,0,Yes,No,17,Yes,Fiber optic,Month-to-month,Mailed check,No,No internet service,No,Yes,67.69,1126.49,0
CUST00333,Female,0,No,No,61,Yes,DSL,Month-to-month,Bank transfer,No,No,Yes,Yes,62.44,3518.9,0
CUST00334,Male,0,Yes,Yes,72,Yes,DSL,Two year,Mailed check,Yes,Yes,No internet service,Yes,83.86,6416.5,0
CUST00335,Female,0,No,No,64,Yes,Fiber optic,Two year,Electronic check,No,No internet service,No internet service,No,67.2,4507.14,0
CUST00336,Male,1,No,Yes,19,Yes,DSL,One year,Mailed check,No,Yes,Yes,Yes,78.54,1223.94,0
CUST00337,Male,0,No,Yes,27,Yes,Fiber optic,Two year,Mailed check,Yes,No internet service,No internet service,No,67.5,1888.3,0
CUST00338,Female,0,No,No,13,Yes,Fiber optic,Month-to-month,Mailed check,No,No internet service,No internet service,No,63.68,833.84,1
CUST00339,Female,0,Yes,No,15,Yes,DSL,Month-to-month,Credit card,Yes,No internet service,Yes,Yes,71.56,940.42,0
CUST00340,Male,0,Yes,No,14,Yes,Fiber optic,Month-to-month,Mailed check,No,Yes,No internet service,Yes,74.25,1082.62,0
CUST00341,Male,0,Yes,Yes,20,Yes,Fiber optic,Month-to-month,Electronic check,No internet service,No,Yes,No,81.66,1454.21,0
CUST00342,Female,0,No,No,31,No,DSL,One year,Credit card,No internet service,Yes,No internet service,Yes,72.01,2366.64,0
CUST00343,Male,1,No,No,28,Yes,No,Month-to-month,Electronic check,No,No,No,Yes,40.25,1053.48,0
CUST00344,Male,0,Yes,No,45,No,Fiber optic,One year,Electronic check,No,No,No internet service,Yes,61.9,2433.79,0
CUST00345,Male,0,Yes,No,32,Yes,No,Month-to-month,Credit card,No,No,No,Yes,23.78,858.71,0
CUST00346,Female,0,Yes,No,43,Yes,DSL,Month-to-month,Credit card,No,No,No,No,58.11,2178.29,1
CUST00347,Male,0,No,Yes,47,Yes,No,One year,Bank transfer,Yes,No internet service,No internet service,Yes,25.01,1085.64,0
CUST00348,Male,0,No,Yes,19,Yes,No,Month-to-month,Mailed check,No,Yes,No,Yes,53.55,953.66,0
CUST00349,Female,0,No,Yes,25,No,DSL,One year,Mailed check,Yes,No,No,No,57.61,1365.51,0
CUST00350,Female,0,No,No,72,Yes,Fiber optic,One year,Credit card,No,No,No,No,51.84,3840.4,0
CUST00351,Male,1,Yes,Yes,18,Yes,Fiber optic,One year,Credit card,No,Yes,No,Yes,78.41,1388.87,1
CUST00352,Female,0,No,Yes,44,Yes,Fiber optic,Two year,Electronic check,No,No,Yes,No,79.05,3653.16,0
CUST00353,Female,0,No,Yes,9,Yes,Fiber optic,Two year,Credit card,No,No,Yes,Yes,78.07,706.87,0
CUST00354,Female,0,Yes,Yes,48,Yes,No,Month-to-month,Bank transfer,No,No,Yes,No,27.25,1128.66,0
CUST00355,Male,0,No,No,16,No,Fiber optic,One year,Electronic check,No,No,Yes,Yes,69.43,1131.42,1
CUST00356,Male,0,Yes,Yes,29,Yes,No,Month-to-month,Electronic check,No internet service,No internet service,No internet service,Yes,42.28,1221.66,0
CUST00357,Female,1,No,No,8,Yes,No,Month-to-month,Electronic check,No,No internet service,No,No,27.55,206.36,0
CUST00358,Male,0,No,Yes,27,Yes,No,One year,Credit card,No,Yes,No,No,31.46,955.73,0
CUST00359,Female,0,No,Yes,27,Yes,Fiber optic,One year,Mailed check,No internet service,No,Yes,Yes,97.02,2678.7,0
CUST00360,Male,0,No,Yes,24,Yes,Fiber optic,Two year,Bank transfer,Yes,No internet service,No internet service,No,65.05,1632.89,0
CUST00361,Male,0,Yes,No,38,Yes,No,One year,Electronic check,No,Yes,Yes,Yes,45.82,1825.36,0
CUST00362,Male,0,No,Yes,57,Yes,Fiber optic,Two year,Credit card,Yes,No,Yes,No,70.01,3793.42,0
CUST00363,Female,0,No,No,13,Yes,DSL,One year,Mailed check,No,No,No internet service,No,65.01,865.7,0
CUST00364,Male,0,No,Yes,25,Yes,Fiber optic,Month-to-month,Credit card,No,Yes,Yes,No,78.92,1977.19,0
CUST00365,Female,0,No,No,8,Yes,DSL,Month-to-month,Mailed check,No,No,No internet service,Yes,62.76,472.46,0
CUST00366,Male,0,Yes,Yes,5,Yes,No,Month-to-month,Bank transfer,No internet service,No internet service,No,No,40.63,181.72,1
CUST00367,Female,0,No,No,31,Yes,Fiber optic,One year,Bank transfer,No,Yes,No,No,80.75,2457.43,0
CUST00368,Female,0,No,No,12,Yes,Fiber optic,Month-to-month,Mailed check,No,Yes,Yes,Yes,70.46,863.35,0
CUST00369,Female,1,Yes,Yes,28,Yes,DSL,Month-to-month,Credit card,No,No internet service,No,No,59.29,1628.81,0
CUST00370,Male,0,No,Yes,32,Yes,Fiber optic,Month-to-month,Mailed check,No,No internet service,No,Yes,75.84,2347.37,1
CUST00371,Female,0,No,No,6,Yes,Fiber optic,One year,Credit card,No,No,No,Yes,79.21,466.66,0
CUST00372,Male,0,No,Yes,36,Yes,Fiber optic,Month-to-month,Electronic check,No,No,No internet service,No,83.79,2895.52,1
CUST00373,Female,0,No,Yes,55,No,Fiber optic,Month-to-month,Bank transfer,No,Yes,Yes,Yes,100.2,5998.46,0
CUST00374,Female,0,Yes,No,42,No,Fiber optic,Month-to-month,Credit card,No,No internet service,No,No,70.95,2976.67,0
CUST00375,Male,0,No,Yes,13,Yes,DSL,Month-to-month,Credit card,No,Yes,Yes,Yes,69.72,857.37,0
CUST00376,Female,0,Yes,No,27,Yes,Fiber optic,Month-to-month,Mailed check,No internet service,No internet service,No internet service,Yes,63.05,1452.85,0
CUST00377,Male,0,No,No,29,Yes,Fiber optic,Two year,Mailed check,No,No,No internet service,No,67.68,1896.37,0
CUST00378,Male,0,Yes,No,25,Yes,No,Month-to-month,Credit card,Yes,Yes,Yes,No,44.81,1052.61,0
CUST00379,Female,0,No,Yes,9,Yes,No,Month-to-month,Electronic check,No,No,Yes,No,22.21,187.3,1
CUST00380,Female,0,No,No,15,Yes,Fiber optic,One year,Credit card,No internet service,No internet service,No internet service,Yes,64.59,1013.4,1
CUST00381,Female,0,No,No,23,Yes,DSL,One year,Electronic check,No,No internet service,No internet service,Yes,63.5,1439.44,0
CUST00382,Male,1,No,Yes,32,Yes,DSL,Month-to-month,Electronic check,No,No,No,No,53.83,1485.24,0
CUST00383,Male,0,Yes,No,18,Yes,No,Month-to-month,Bank transfer,No internet service,Yes,No,No,35.96,662.37,0
CUST00384,Female,0,No,No,4,Yes,No,Two year,Mailed check,No,No,No,No,18.49,64.29,0
CUST00385,Female,1,No,No,19,Yes,DSL,Two year,Mailed check,No,No,Yes,No,69.3,1354.27,0
CUST00386,Female,0,Yes,Yes,72,Yes,Fiber optic,Month-to-month,Electronic check,No,No,No internet service,Yes,65.82,4486.66,0
CUST00387,Female,0,No,Yes,36,Yes,Fiber optic,One year,Credit card,No,Yes,No internet service,Yes,64.78,2299.63,0
CUST00388,Male,1,No,No,31,Yes,DSL,Month-to-month,Bank transfer,No,No internet service,No internet service,Yes,66.65,2021.22,0
CUST00389,Male,0,No,No,14,No,No,Month-to-month,Credit card,No internet service,No,No internet service,Yes,19.43,263.76,0
CUST00390,Female,0,No,No,19,Yes,No,Month-to-month,Mailed check,No,Yes,No internet service,Yes,31.01,586.05,0
CUST00391,Male,0,Yes,Yes,4,Yes,No,One year,Mailed check,Yes,Yes,Yes,No,35.47,139.86,0
CUST00392,Female,0,No,No,14,No,DSL,Month-to-month,Electronic check,No,Yes,No internet service,Yes,71.36,1109.81,0
CUST00393,Female,0,Yes,Yes,35,Yes,Fiber optic,Month-to-month,Mailed check,No,No,Yes,Yes,82.67,2880.94,0
CUST00394,Male,0,Yes,No,32,Yes,No,Month-to-month,Electronic check,No,Yes,No,No,37.34,1191.66,0
CUST00395,Male,0,Yes,No,17,Yes,Fiber optic,Month-to-month,Electronic check,No internet service,No,No,Yes,67.6,1069.14,0
CUST00396,Male,0,Yes,Yes,25,Yes,Fiber optic,Month-to-month,Mailed check,No,Yes,Yes,No,87.6,2204.59,0
CUST00397,Female,0,Yes,Yes,28,Yes,Fiber optic,Month-to-month,Bank transfer,No internet service,Yes,No,No,83.34,2119.65,0
CUST00398,Female,0,No,Yes,17,Yes,DSL,One year,Mailed check,No,Yes,No,No,79.36,1430.75,0
CUST00399,Female,1,Yes,No,37,Yes,Fiber optic,Month-to-month,Mailed check,No,No,Yes,No,82.45,2672.66,0
CUST00400,Female,0,Yes,No,31,Yes,No,Month-to-month,Mailed check,No,No,No,No,18.0,513.89,0
CUST00401,Male,0,Yes,No,20,Yes,DSL,One year,Mailed check,No internet service,No,No,Yes,61.14,1058.9,0
CUST00402,Male,0,No,No,9,Yes,DSL,Month-to-month,Bank transfer,Yes,No,No,No,57.68,523.99,0
CUST00403,Female,0,Yes,No,19,Yes,Fiber optic,Month-to-month,Credit card,Yes,No,No,No,56.01,1011.33,0
CUST00404,Male,0,Yes,No,18,Yes,Fiber optic,Two year,Credit card,No,No,No,Yes,57.24,1059.18,1
CUST00405,Female,1,No,No,16,Yes,Fiber optic,One year,Electronic check,No,Yes,No internet service,No,79.47,1159.26,0
CUST00406,Male,0,Yes,No,6,Yes,DSL,Month-to-month,Mailed check,No,No,No,Yes,59.14,360.94,1
CUST00407,Female,0,No,No,65,Yes,Fiber optic,Month-to-month,Credit card,No internet service,Yes,Yes,Yes,85.64,5681.21,0
CUST00408,Female,1,Yes,No,63,Yes,DSL,Month-to-month,Credit card,Yes,No,No,Yes,66.07,4140.87,0
CUST00409,Male,0,Yes,No,24,Yes,Fiber optic,Month-to-month,Mailed check,No,No,No,No,64.52,1520.86,0
CUST00410,Female,0,Yes,No,32,Yes,Fiber optic,Two year,Mailed check,Yes,No internet service,Yes,Yes,68.91,2182.2,0
CUST00411,Female,0,No,No,37,Yes,Fiber optic,One year,Bank transfer,No,No,No internet service,Yes,65.39,2216.81,0
CUST00412,Female,0,Yes,No,25,Yes,Fiber optic,Month-to-month,Credit card,No,No,Yes,Yes,75.12,1699.09,0
CUST00413,Female,0,No,Yes,33,Yes,Fiber optic,Month-to-month,Mailed check,No,Yes,No internet service,No,79.53,2671.92,0
CUST00414,Female,0,Yes,No,41,Yes,Fiber optic,Month-to-month,Electronic check,No,No internet service,Yes,No,73.62,2880.15,0
CUST00415,Female,1,No,Yes,30,Yes,Fiber optic,Month-to-month,Credit card,No,Yes,No,Yes,62.87,1908.24,0
CUST00416,Male,1,Yes,No,45,Yes,Fiber optic,Month-to-month,Bank transfer,No internet service,Yes,Yes,Yes,67.45,3304.08,1
CUST00417,Male,1,Yes,No,16,Yes,Fiber optic,Month-to-month,Electronic check,Yes,Yes,No internet service,No,80.99,1228.45,1
CUST00418,Female,0,Yes,No,27,Yes,Fiber optic,Two year,Electronic check,No,No internet service,No internet service,Yes,62.97,1594.77,0
CUST00419,Female,0,No,Yes,72,No,Fiber optic,One year,Mailed check,No,No internet service,Yes,Yes,63.96,4408.48,0
CUST00420,Male,1,Yes,No,53,Yes,Fiber optic,Two year,Bank transfer,Yes,No,Yes,No,85.0,4427.19,0
CUST00421,Male,0,No,No,31,Yes,DSL,Two year,Bank transfer,No,Yes,No,No,79.36,2516.72,1
CUST00422,Male,0,No,No,13,Yes,Fiber optic,Two year,Electronic check,Yes,No,Yes,Yes,79.24,1007.47,0
CUST00423,Male,0,No,No,28,No,DSL,Two year,Electronic check,Yes,No,Yes,Yes,69.15,2179.19,0
CUST00424,Male,0,Yes,No,50,Yes,No,Month-to-month,Bank transfer,No,Yes,No internet service,Yes,35.22,1777.66,1
CUST00425,Female,0,No,No,44,Yes,Fiber optic,Month-to-month,Electronic check,No,No,No,No,53.49,2435.13,0
CUST00426,Female,1,No,Yes,5,No,DSL,Month-to-month,Mailed check,No internet service,No,Yes,No,74.11,362.18,0
CUST00427,Male,0,No,No,7,Yes,Fiber optic,One year,Mailed check,No internet service,No,No,Yes,81.92,602.59,0
CUST00428,Male,0,No,No,7,Yes,Fiber optic,One year,Electronic check,No,No,Yes,No,94.69,640.05,0
CUST00429,Female,1,No,Yes,37,Yes,No,Month-to-month,Credit card,No,No,No internet service,Yes,21.5,743.72,0
CUST00430,Male,0,No,No,7,Yes,No,Two year,Electronic check,No internet service,No,Yes,No,23.92,174.7,0
CUST00431,Female,0,No,No,12,Yes,No,Two year,Bank transfer,No,Yes,No,No,43.87,513.8,0
CUST00432,Male,0,Yes,No,24,Yes,Fiber optic,One year,Bank transfer,No,Yes,Yes,No,91.99,2201.51,1
CUST00433,Male,0,No,No,56,No,No,Month-to-month,Mailed check,No,No internet service,No internet service,No,32.0,1879.33,0
CUST00434,Female,0,No,No,39,Yes,Fiber optic,Month-to-month,Credit card,No internet service,Yes,Yes,Yes,82.82,3196.8,1
CUST00435,Female,0,No,Yes,22,Yes,No,Month-to-month,Electronic check,No internet service,No,No,Yes,27.17,579.54,0
CUST00436,Female,0,No,No,46,Yes,DSL,Month-to-month,Credit card,Yes,Yes,No,Yes,58.57,2539.36,0
CUST00437,Male,0,Yes,No,72,Yes,No,One year,Electronic check,No,Yes,No internet service,No,32.96,2502.02,0
CUST00438,Male,0,Yes,No,28,Yes,Fiber optic,Month-to-month,Credit card,No,No,Yes,Yes,77.22,2067.2,0
CUST00439,Female,0,Yes,No,9,Yes,DSL,Month-to-month,Electronic check,No,Yes,No internet service,Yes,85.75,753.55,1
CUST00440,Female,0,No,No,12,Yes,No,Month-to-month,Mailed check,No,No,No internet service,Yes,29.39,352.71,0
CUST00441,Male,0,Yes,No,12,Yes,Fiber optic,One year,Electronic check,No,No,Yes,Yes,62.78,753.21,1
CUST00442,Female,1,No,Yes,15,Yes,No,Month-to-month,Mailed check,Yes,No internet service,Yes,Yes,32.99,520.07,0
CUST00443,Female,0,No,No,21,Yes,DSL,Two year,Electronic check,No,No,No internet service,Yes,61.95,1268.57,0
CUST00444,Female,0,No,No,33,Yes,Fiber optic,Month-to-month,Electronic check,No,Yes,No,Yes,76.21,2706.94,0
CUST00445,Male,0,Yes,No,8,Yes,Fiber optic,Two year,Electronic check,Yes,No internet service,No internet service,Yes,63.18,486.53,0
CUST00446,Male,0,No,Yes,9,Yes,DSL,Month-to-month,Electronic check,No internet service,No internet service,No internet service,Yes,64.28,581.96,0
CUST00447,Female,0,Yes,No,40,No,Fiber optic,Month-to-month,Bank transfer,No,Yes,No,No,72.31,2797.34,1
CUST00448,Male,0,No,Yes,18,Yes,Fiber optic,Two year,Mailed check,No,No,Yes,No,84.6,1715.46,0
CUST00449,Male,1,Yes,No,13,Yes,DSL,One year,Electronic check,Yes,No,No,No,50.63,628.87,0
CUST00450,Female,0,Yes,No,23,Yes,Fiber optic,One year,Credit card,No internet service,No,No,No,67.73,1498.26,0
CUST00451,Male,1,Yes,Yes,62,Yes,DSL,One year,Bank transfer,No internet service,Yes,No,Yes,74.65,4572.91,0
CUST00452,Male,1,No,No,44,Yes,No,Month-to-month,Electronic check,Yes,Yes,No,No,36.91,1561.23,0
CUST00453,Female,0,Yes,No,42,Yes,No,Two year,Mailed check,No,Yes,No,Yes,33.25,1399.31,0
CUST00454,Female,0,No,Yes,72,Yes,Fiber optic,Month-to-month,Mailed check,No internet service,Yes,No internet service,Yes,79.76,6121.95,0
CUST00455,Male,0,No,No,34,Yes,Fiber optic,Two year,Bank transfer,Yes,No,Yes,Yes,80.72,2717.89,0
CUST00456,Male,1,No,No,72,Yes,Fiber optic,Two year,Credit card,No,No internet service,No,No,65.67,4694.66,0
CUST00457,Female,0,Yes,Yes,72,Yes,Fiber optic,Two year,Bank transfer,No internet service,No,Yes,Yes,67.87,4710.52,0
CUST00458,Male,0,Yes,No,8,Yes,No,One year,Credit card,No,No,Yes,Yes,37.55,283.77,0
CUST00459,Male,1,Yes,No,6,Yes,DSL,One year,Bank transfer,No internet service,Yes,No,No,79.24,469.14,0
CUST00460,Female,0,Yes,Yes,12,Yes,Fiber optic,Month-to-month,Credit card,Yes,No,No internet service,Yes,76.83,904.01,0
CUST00461,Male,0,No,Yes,58,Yes,DSL,Month-to-month,Mailed check,No internet service,No internet service,No,No,61.03,3759.66,0
CUST00462,Female,0,Yes,No,23,Yes,Fiber optic,Two year,Bank transfer,No internet service,No internet service,Yes,No,70.33,1476.64,0
CUST00463,Male,1,Yes,No,21,Yes,No,One year,Bank transfer,Yes,No,No,Yes,32.02,727.44,0
CUST00464,Female,1,Yes,No,47,Yes,DSL,Month-to-month,Bank transfer,No,No,No,Yes,62.85,2864.51,0
CUST00465,Female,0,No,No,17,Yes,DSL,Two year,Electronic check,No,Yes,No,Yes,73.08,1230.43,0
CUST00466,Male,0,Yes,No,31,Yes,DSL,Month-to-month,Electronic check,No internet service,No internet service,Yes,No,75.27,2112.78,0
CUST00467,Female,0,No,No,40,No,DSL,Two year,Electronic check,Yes,No,Yes,No,79.69,3249.23,0
CUST00468,Male,0,Yes,No,13,Yes,Fiber optic,Two year,Electronic check,No,No,Yes,No,71.08,843.43,0
CUST00469,Female,0,No,No,10,Yes,Fiber optic,Month-to-month,Credit card,No internet service,No,No,Yes,61.69,620.69,1
CUST00470,Male,0,No,No,28,Yes,Fiber optic,Month-to-month,Bank transfer,No,Yes,Yes,Yes,89.19,2495.57,0
CUST00471,Male,0,Yes,No,30,Yes,DSL,One year,Electronic check,No,No,No,No,51.62,1482.33,0
CUST00472,Male,0,Yes,No,45,Yes,Fiber optic,Month-to-month,Mailed check,No,No internet service,No internet service,No,63.23,2377.09,1
CUST00473,Female,0,Yes,No,11,No,No,Two year,Electronic check,No internet service,Yes,Yes,Yes,50.76,631.64,1
CUST00474,Female,0,Yes,Yes,15,Yes,Fiber optic,Month-to-month,Credit card,Yes,Yes,Yes,Yes,79.93,1086.5,0
CUST00475,Male,0,Yes,No,72,Yes,DSL,Month-to-month,Credit card,No internet service,Yes,No internet service,Yes,66.91,4813.15,0
CUST00476,Male,0,No,No,52,No,Fiber optic,Month-to-month,Electronic check,No,Yes,No,Yes,66.95,3233.92,0
CUST00477,Male,0,No,Yes,24,Yes,DSL,Two year,Mailed check,No internet service,No internet service,No,No,59.5,1504.2,0
CUST00478,Female,1,Yes,Yes,57,Yes,No,One year,Credit card,Yes,No,No internet service,No,34.46,1872.76,0
CUST00479,Male,0,No,No,11,Yes,No,Two year,Bank transfer,No,No internet service,No,Yes,34.7,353.97,0
CUST00480,Female,0,Yes,No,22,Yes,No,Two year,Credit card,No internet service,No internet service,No,Yes,33.36,749.82,0
CUST00481,Female,1,No,No,30,No,DSL,One year,Mailed check,No internet service,No,No,Yes,58.37,1560.17,0
CUST00482,Male,0,Yes,No,21,Yes,DSL,Month-to-month,Electronic check,Yes,No,No internet service,Yes,67.89,1355.93,0
CUST00483,Female,0,No,No,21,Yes,No,Month-to-month,Bank transfer,No,No,No,Yes,28.44,614.15,0
CUST00484,Male,0,No,No,43,Yes,Fiber optic,Two year,Electronic check,Yes,No,Yes,Yes,76.49,3570.22,0
CUST00485,Female,1,Yes,Yes,52,Yes,Fiber optic,Month-to-month,Credit card,Yes,No,No,Yes,75.05,3561.63,0
CUST00486,Female,0,Yes,No,19,No,Fiber optic,Two year,Bank transfer,No,No,Yes,No,87.09,1550.78,0
CUST00487,Female,1,Yes,Yes,8,No,DSL,Two year,Electronic check,No internet service,No,No,No,48.38,388.84,0
CUST00488,Male,0,No,No,7,No,Fiber optic,One year,Mailed check,No,No,Yes,No,71.52,420.63,0
CUST00489,Male,0,No,No,4,Yes,No,One year,Credit card,Yes,Yes,No,Yes,31.85,136.96,0
CUST00490,Male,0,No,No,72,Yes,Fiber optic,Two year,Credit card,No,No,No,Yes,62.23,4077.47,0
CUST00491,Male,0,No,No,43,No,Fiber optic,One year,Mailed check,No,No,No,Yes,62.11,2535.54,0
CUST00492,Male,0,No,No,37,Yes,No,One year,Bank transfer,Yes,No,No,Yes,21.64,799.29,0
CUST00493,Male,0,Yes,Yes,17,Yes,Fiber optic,Month-to-month,Electronic check,No internet service,No,Yes,Yes,87.94,1470.44,1
CUST00494,Male,1,No,Yes,17,Yes,DSL,Month-to-month,Credit card,Yes,No,No,Yes,66.79,1036.13,0
CUST00495,Female,0,No,Yes,53,Yes,Fiber optic,Month-to-month,Bank transfer,Yes,No,No,No,74.57,4349.42,0
CUST00496,Female,0,Yes,Yes,6,Yes,DSL,Two year,Electronic check,No,No,No,No,60.44,290.02,0
CUST00497,Female,0,No,No,20,No,DSL,One year,Bank transfer,Yes,No,No internet service,No,75.7,1364.81,0
CUST00498,Female,0,Yes,No,59,Yes,Fiber optic,Two year,Bank transfer,No,Yes,No,No,75.69,4177.34,0
CUST00499,Male,0,Yes,No,19,Yes,DSL,Month-to-month,Bank transfer,No,Yes,No,No,68.93,1196.41,0
CUST00500,Female,0,No,No,42,Yes,DSL,Two year,Mailed check,Yes,Yes,No internet service,No,62.29,2787.2,0
CUST00501,Female,0,Yes,Yes,25,Yes,Fiber optic,Month-to-month,Bank transfer,No,No,No,No,61.7,1332.59,0
CUST00502,Male,0,Yes,Yes,1,Yes,DSL,One year,Credit card,No,No internet service,No,Yes,68.48,74.58,1
CUST00503,Male,1,Yes,No,24,Yes,Fiber optic,Month-to-month,Mailed check,No,Yes,No,No,77.56,1787.97,1
CUST00504,Male,0,No,No,28,Yes,DSL,Two year,Electronic check,No,No internet service,No internet service,No,64.56,1599.32,0
CUST00505,Female,0,No,No,23,Yes,Fiber optic,One year,Credit card,No,No,No,Yes,70.03,1341.6,0
CUST00506,Female,0,Yes,Yes,10,Yes,No,Month-to-month,Bank transfer,No,No internet service,Yes,Yes,42.97,414.64,0
CUST00507,Male,0,Yes,No,23,Yes,DSL,Month-to-month,Mailed check,Yes,No,No,No,51.02,1092.33,0
CUST00508,Female,1,Yes,No,4,Yes,No,Month-to-month,Credit card,Yes,No,Yes,No,42.31,168.66,0
CUST00509,Female,1,No,No,19,Yes,DSL,Month-to-month,Electronic check,No,No,No,Yes,66.15,1192.07,1
CUST00510,Female,1,Yes,Yes,44,Yes,DSL,Month-to-month,Credit card,Yes,Yes,No internet service,Yes,52.64,2424.8,0
CUST00511,Male,0,No,Yes,72,Yes,Fiber optic,Month-to-month,Mailed check,Yes,Yes,No internet service,Yes,75.87,5298.9,0
CUST00512,Male,0,No,No,65,Yes,DSL,Month-to-month,Electronic check,No internet service,No,No,Yes,67.17,4149.17,0
CUST00513,Male,0,Yes,No,11,Yes,DSL,Month-to-month,Credit card,No,No internet service,No internet service,Yes,72.1,831.27,0
CUST00514,Male,0,No,No,7,Yes,Fiber optic,One year,Bank transfer,No,No,No internet service,Yes,77.72,541.85,0
CUST00515,Male,0,No,No,30,Yes,No,Month-to-month,Electronic check,No,No,No internet service,Yes,21.83,677.31,0
CUST00516,Female,0,No,No,27,Yes,No,Month-to-month,Credit card,Yes,Yes,No internet service,Yes,25.25,722.93,0
CUST00517,Male,1,Yes,No,40,Yes,No,Two year,Credit card,No,No,No internet service,No,29.53,1133.28,0
CUST00518,Female,0,No,No,16,Yes,Fiber optic,Month-to-month,Credit card,No,No internet service,Yes,Yes,76.59,1204.21,1
CUST00519,Female,0,No,No,27,Yes,DSL,One year,Electronic check,No internet service,No,Yes,Yes,63.93,1793.54,0
CUST00520,Male,0,No,No,26,Yes,DSL,Two year,Electronic check,Yes,No,Yes,Yes,65.21,1370.7,0
CUST00521,Female,0,No,No,20,Yes,Fiber optic,One year,Bank transfer,Yes,Yes,No,No,87.05,1693.78,0
CUST00522,Female,0,Yes,No,6,Yes,No,Month-to-month,Credit card,No,Yes,No internet service,Yes,47.45,274.52,1
CUST00523,Female,0,No,No,44,No,DSL,Month-to-month,Electronic check,No,Yes,No internet service,Yes,75.22,3330.15,0
CUST00524,Male,1,No,No,30,Yes,DSL,Two year,Mailed check,Yes,No,No internet service,Yes,59.08,1637.56,0
CUST00525,Female,0,Yes,No,46,Yes,Fiber optic,Two year,Electronic check,No,No internet service,No internet service,Yes,64.81,3150.24,0
CUST00526,Female,0,Yes,No,53,Yes,No,Month-to-month,Mailed check,Yes,Yes,No,No,38.34,1886.44,0
CUST00527,Male,0,Yes,No,25,Yes,Fiber optic,One year,Bank transfer,No internet service,No internet service,No,Yes,85.32,2021.8,0
CUST00528,Female,0,No,No,44,Yes,Fiber optic,Two year,Electronic check,No internet service,No internet service,No,Yes,80.03,3287.12,0
CUST00529,Male,0,Yes,No,72,Yes,Fiber optic,Two year,Bank transfer,No,No,Yes,Yes,81.66,6268.11,0
CUST00530,Male,0,No,No,72,Yes,Fiber optic,Month-to-month,Bank transfer,No,No internet service,No internet service,Yes,68.09,4088.72,0
CUST00531,Male,0,Yes,No,33,Yes,Fiber optic,Month-to-month,Mailed check,No,No internet service,No,No,74.76,2726.32,0
CUST00532,Female,0,Yes,No,35,Yes,Fiber optic,Month-to-month,Credit card,No,Yes,Yes,No,97.24,3686.34,1
CUST00533,Female,0,No,No,33,Yes,Fiber optic,Month-to-month,Electronic check,No internet service,No internet service,No,No,73.86,2292.26,0
CUST00534,Female,0,Yes,Yes,39,Yes,Fiber optic,One year,Electronic check,No,No,No,Yes,71.17,2919.64,0
CUST00535,Male,0,No,No,52,Yes,DSL,Month-to-month,Mailed check,No internet service,Yes,No internet service,Yes,61.5,3163.16,0
CUST00536,Female,1,Yes,No,32,Yes,DSL,Month-to-month,Mailed check,No,Yes,No internet service,No,87.72,3075.68,0
CUST00537,Female,0,No,No,72,Yes,DSL,Month-to-month,Electronic check,No,No,Yes,Yes,59.87,4511.28,0
CUST00538,Female,0,Yes,No,72,Yes,DSL,Two year,Credit card,No internet service,No internet service,No internet service,No,51.13,4172.9,0
CUST00539,Male,1,No,No,28,No,DSL,Two year,Electronic check,No internet service,No,Yes,No,68.31,1665.27,0
CUST00540,Female,0,No,No,28,Yes,Fiber optic,Two year,Electronic check,No internet service,No,No,Yes,70.38,1957.62,0
CUST00541,Male,0,Yes,No,19,Yes,No,Two year,Credit card,No,No,No,No,33.19,541.89,0
CUST00542,Female,0,Yes,No,40,No,Fiber optic,Two year,Credit card,No,No internet service,No internet service,Yes,80.46,3037.17,0
CUST00543,Female,0,Yes,No,21,Yes,Fiber optic,Month-to-month,Mailed check,No,Yes,No internet service,No,70.29,1679.02,0
CUST00544,Female,0,No,No,18,Yes,No,Month-to-month,Electronic check,No,No,Yes,Yes,26.96,491.48,0
CUST00545,Male,1,No,No,40,Yes,No,Two year,Mailed check,Yes,No,No,Yes,18.0,755.22,0
CUST00546,Female,0,Yes,No,11,Yes,DSL,One year,Electronic check,No,Yes,No internet service,Yes,73.28,818.96,1
CUST00547,Female,0,Yes,No,52,Yes,DSL,Month-to-month,Mailed check,No internet service,No internet service,No internet service,Yes,62.43,3283.8,0
CUST00548,Male,0,No,Yes,41,Yes,DSL,Two year,Bank transfer,No internet service,No internet service,Yes,No,64.03,2476.74,0
CUST00549,Male,0,No,No,72,Yes,No,Month-to-month,Mailed check,No,No,Yes,Yes,34.73,2326.51,0
CUST00550,Male,0,No,Yes,33,Yes,DSL,Two year,Mailed check,Yes,No,No,Yes,49.99,1553.26,0
CUST00551,Male,0,Yes,No,45,Yes,Fiber optic,One year,Bank transfer,No,No internet service,No internet service,Yes,66.06,2345.08,0
CUST00552,Female,0,No,No,49,Yes,Fiber optic,Month-to-month,Electronic check,Yes,Yes,No,No,69.6,3322.61,0
CUST00553,Male,0,No,No,62,Yes,Fiber optic,Two year,Electronic check,Yes,Yes,No,Yes,81.16,5015.77,1
CUST00554,Female,0,Yes,No,31,Yes,Fiber optic,One year,Credit card,No internet service,No,No internet service,Yes,73.13,2123.42,0
CUST00555,Male,0,Yes,No,19,Yes,No,One year,Electronic check,No,No,No,No,18.0,332.03,1
CUST00556,Male,0,Yes,No,34,Yes,Fiber optic,One year,Electronic check,Yes,No,No,No,75.37,2605.51,0
CUST00557,Male,0,No,No,52,Yes,No,Month-to-month,Electronic check,No,No,No internet service,No,33.46,1812.89,0
CUST00558,Male,0,Yes,No,57,Yes,DSL,Month-to-month,Mailed check,Yes,No,No,No,50.76,2592.86,0
CUST00559,Male,0,No,No,6,Yes,No,Month-to-month,Bank transfer,No,Yes,Yes,Yes,38.39,212.92,0
CUST00560,Male,0,No,No,72,Yes,Fiber optic,Month-to-month,Mailed check,No,Yes,Yes,No,92.11,6848.83,0
CUST00561,Male,0,No,Yes,18,Yes,DSL,Month-to-month,Mailed check,Yes,Yes,No,Yes,66.95,1230.68,0
CUST00562,Female,0,No,Yes,46,Yes,No,Month-to-month,Mailed check,No,No,Yes,Yes,22.02,1087.99,0
CUST00563,Female,0,Yes,No,66,Yes,No,Month-to-month,Electronic check,No,No,Yes,Yes,29.47,2083.51,0
CUST00564,Female,0,No,Yes,26,Yes,No,One year,Credit card,No,No internet service,Yes,Yes,29.21,872.65,0
CUST00565,Male,0,Yes,No,59,Yes,No,Month-to-month,Credit card,No internet service,No,No,Yes,23.64,1338.28,0
CUST00566,Female,0,No,Yes,6,Yes,Fiber optic,Month-to-month,Mailed check,No internet service,No,No internet service,Yes,70.98,464.42,0
CUST00567,Female,0,No,No,60,Yes,DSL,Two year,Mailed check,No internet service,Yes,No,No,79.53,4369.06,0
CUST00568,Female,0,No,Yes,55,Yes,DSL,Two year,Credit card,No internet service,No,No internet service,No,57.33,3618.5,0
CUST00569,Male,0,No,Yes,37,Yes,No,Two year,Electronic check,No internet service,No internet service,No internet service,Yes,18.0,673.88,0
CUST00570,Male,0,Yes,No,53,No,No,Month-to-month,Electronic check,No internet service,Yes,No,Yes,33.73,1819.76,0
CUST00571,Male,1,No,No,72,Yes,No,One year,Credit card,No,No internet service,No,Yes,38.98,2944.91,0
CUST00572,Female,0,No,No,68,Yes,No,Month-to-month,Electronic check,Yes,Yes,Yes,Yes,39.66,2387.07,1
CUST00573,Female,0,No,No,27,Yes,Fiber optic,One year,Electronic check,No,No,No,No,68.5,1673.37,0
CUST00574,Female,0,Yes,Yes,34,Yes,DSL,Two year,Mailed check,No internet service,No,Yes,Yes,64.56,2168.91,0
CUST00575,Female,0,Yes,No,24,Yes,DSL,Month-to-month,Bank transfer,No internet service,No,No,Yes,63.67,1534.5,0
CUST00576,Female,0,No,No,22,Yes,Fiber optic,Two year,Bank transfer,No,No,No internet service,Yes,69.52,1721.81,0
CUST00577,Male,0,Yes,Yes,49,Yes,Fiber optic,One year,Electronic check,No internet service,No internet service,No,Yes,59.88,2680.48,0
CUST00578,Male,0,No,No,24,Yes,DSL,Month-to-month,Bank transfer,No,No internet service,Yes,Yes,61.63,1609.01,0
CUST00579,Male,1,No,No,49,Yes,No,Month-to-month,Electronic check,No,No,No internet service,No,24.48,1153.23,0
CUST00580,Female,0,No,No,26,Yes,Fiber optic,Two year,Credit card,Yes,No,No internet service,No,76.28,1904.81,0
CUST00581,Female,0,Yes,No,29,Yes,DSL,Month-to-month,Electronic check,No,No,No internet service,Yes,54.34,1526.27,0
CUST00582,Male,1,No,No,14,Yes,No,Month-to-month,Electronic check,Yes,No,Yes,No,30.63,411.08,0
CUST00583,Female,0,Yes,Yes,48,Yes,Fiber optic,Month-to-month,Bank transfer,Yes,No,No,No,72.36,3522.11,0
CUST00584,Female,0,Yes,No,5,Yes,Fiber optic,Two year,Electronic check,No,No,No,Yes,65.78,313.23,0
CUST00585,Female,0,No,No,62,Yes,Fiber optic,Month-to-month,Bank transfer,Yes,No,No,No,71.27,3894.09,0
CUST00586,Male,0,Yes,Yes,72,Yes,Fiber optic,Two year,Electronic check,No internet service,Yes,No,No,83.74,5795.67,0
CUST00587,Male,0,Yes,Yes,30,Yes,DSL,One year,Mailed check,No,Yes,No internet service,No,57.51,1745.94,0
CUST00588,Female,0,Yes,No,29,No,Fiber optic,Month-to-month,Electronic check,No,No,Yes,Yes,82.45,2108.52,1
CUST00589,Male,0,No,No,7,Yes,Fiber optic,Month-to-month,Mailed check,Yes,No internet service,No internet service,No,63.28,452.14,1
CUST00590,Male,0,No,No,19,Yes,No,Two year,Electronic check,No internet service,No,Yes,No,24.44,493.45,0
CUST00591,Male,0,Yes,No,53,Yes,No,Month-to-month,Electronic check,No,No internet service,Yes,No,27.7,1590.83,0
CUST00592,Male,0,Yes,No,58,Yes,DSL,Month-to-month,Electronic check,No,No,No internet service,Yes,69.92,4070.11,0
CUST00593,Female,0,No,No,33,Yes,No,Month-to-month,Credit card,No,Yes,No,Yes,19.28,543.14,0
CUST00594,Male,1,Yes,No,51,Yes,DSL,Two year,Bank transfer,No,No,No,No,55.29,2891.22,0
CUST00595,Female,0,No,No,15,Yes,DSL,One year,Electronic check,No,No internet service,No,No,58.79,923.92,0
CUST00596,Male,0,No,Yes,38,Yes,Fiber optic,Month-to-month,Electronic check,No,No,Yes,No,89.34,3161.49,0
CUST00597,Male,0,No,Yes,72,Yes,No,Month-to-month,Electronic check,No internet service,No,Yes,Yes,48.58,3410.01,0
CUST00598,Male,0,No,No,43,Yes,No,Month-to-month,Electronic check,No,No,No,Yes,21.62,942.54,1
CUST00599,Male,0,No,Yes,72,Yes,No,Two year,Mailed check,No internet service,Yes,Yes,No,45.31,3605.22,0
CUST00600,Male,0,No,No,72,Yes,DSL,Month-to-month,Mailed check,No,Yes,No internet service,No,66.24,4588.48,0
CUST00601,Male,0,Yes,No,40,Yes,DSL,Two year,Credit card,No,Yes,No internet service,Yes,66.19,2759.83,0
CUST00602,Male,1,Yes,No,0,Yes,DSL,Two year,Credit card,No,No,No internet service,No,61.19,0.0,0
CUST00603,Male,0,No,No,57,Yes,Fiber optic,Month-to-month,Electronic check,No,No internet service,No internet service,Yes,59.32,3360.82,0
CUST00604,Female,0,Yes,No,10,Yes,Fiber optic,Two year,Electronic check,No,Yes,No,Yes,79.62,854.43,0
CUST00605,Male,1,No,Yes,2,Yes,DSL,One year,Electronic check,No internet service,Yes,No,Yes,70.61,130.18,0
CUST00606,Male,1,No,No,4,Yes,Fiber optic,One year,Electronic check,No,No,No internet service,Yes,65.12,259.47,0
CUST00607,Female,0,No,Yes,60,Yes,Fiber optic,Month-to-month,Mailed check,No internet service,No internet service,No,No,75.66,4457.45,1
CUST00608,Male,0,Yes,No,40,Yes,Fiber optic,Two year,Electronic check,Yes,No,Yes,Yes,66.17,2314.67,0
CUST00609,Male,0,No,Yes,33,Yes,Fiber optic,Month-to-month,Electronic check,No,No,No,No,72.75,2559.87,0
CUST00610,Male,0,No,Yes,43,Yes,DSL,Two year,Electronic check,Yes,No,Yes,Yes,77.74,3469.95,0
CUST00611,Male,0,Yes,Yes,5,Yes,Fiber optic,Month-to-month,Bank transfer,No,No,No,No,70.25,345.06,0
CUST00612,Female,1,No,No,24,Yes,Fiber optic,Month-to-month,Electronic check,No,No internet service,No internet service,Yes,64.17,1481.1,1
CUST00613,Male,1,No,Yes,17,Yes,DSL,Two year,Credit card,No,Yes,No,Yes,55.6,926.31,0
CUST00614,Female,0,No,No,31,Yes,DSL,Month-to-month,Mailed check,No,No internet service,Yes,Yes,70.12,2237.88,0
CUST00615,Male,0,No,No,32,No,No,Month-to-month,Electronic check,No,No,Yes,No,40.42,1272.36,1
CUST00616,Male,1,Yes,No,42,Yes,Fiber optic,Two year,Mailed check,Yes,No,No,No,71.55,2804.58,0
CUST00617,Female,1,Yes,No,46,Yes,DSL,Month-to-month,Mailed check,No,Yes,Yes,Yes,71.29,3095.06,0
CUST00618,Female,0,No,Yes,5,No,Fiber optic,Two year,Mailed check,No,No internet service,No,Yes,56.55,276.86,0
CUST00619,Female,0,Yes,No,24,Yes,Fiber optic,Two year,Mailed check,No,No,No internet service,Yes,72.99,1602.37,0
CUST00620,Female,0,Yes,No,28,No,DSL,Month-to-month,Electronic check,No,No,No,Yes,53.49,1502.71,0
CUST00621,Female,0,Yes,No,9,Yes,DSL,One year,Electronic check,No internet service,No,No,Yes,53.95,448.89,1
CUST00622,Female,0,Yes,No,9,Yes,No,Two year,Electronic check,No internet service,Yes,No,No,45.93,377.49,0
CUST00623,Female,1,No,No,4,Yes,Fiber optic,Two year,Bank transfer,No,Yes,Yes,No,73.59,354.27,0
CUST00624,Female,1,Yes,No,7,Yes,DSL,Month-to-month,Bank transfer,No internet service,Yes,No,Yes,53.66,419.11,1
CUST00625,Male,1,No,Yes,51,Yes,No,One year,Bank transfer,No,Yes,No,No,34.85,1759.71,0
CUST00626,Female,0,Yes,No,6,Yes,Fiber optic,One year,Credit card,Yes,No,Yes,No,76.92,479.78,0
CUST00627,Female,0,No,Yes,7,Yes,Fiber optic,Month-to-month,Mailed check,No internet service,No,No,Yes,67.85,499.39,1
CUST00628,Female,0,Yes,No,30,No,DSL,One year,Credit card,No,No,No,No,61.18,1789.0,0
CUST00629,Male,0,No,No,38,No,DSL,Month-to-month,Mailed check,No,No,Yes,Yes,69.05,2623.36,0
CUST00630,Female,0,Yes,Yes,28,No,DSL,Month-to-month,Mailed check,No,Yes,No,Yes,59.21,1594.3,0
CUST00631,Male,0,No,Yes,11,Yes,No,Month-to-month,Bank transfer,No internet service,No,Yes,Yes,28.27,332.08,0
CUST00632,Female,0,Yes,No,9,Yes,Fiber optic,Two year,Electronic check,No,No,No,Yes,72.4,696.47,0
CUST00633,Female,0,Yes,No,30,Yes,No,Month-to-month,Electronic check,No internet service,No,Yes,Yes,34.34,1122.23,0
CUST00634,Female,0,Yes,No,26,Yes,DSL,Month-to-month,Mailed check,No,No,No internet service,No,62.87,1632.36,0
CUST00635,Female,0,No,No,21,Yes,Fiber optic,Month-to-month,Electronic check,No internet service,No internet service,No,Yes,67.33,1600.21,0
CUST00636,Male,0,No,No,49,Yes,Fiber optic,Month-to-month,Electronic check,No,No internet service,Yes,Yes,82.78,3953.42,1
CUST00637,Female,0,Yes,No,24,Yes,Fiber optic,Two year,Credit card,No,No internet service,Yes,No,87.6,2361.59,0
CUST00638,Female,0,Yes,Yes,8,Yes,Fiber optic,Month-to-month,Mailed check,No internet service,No,No internet service,No,72.37,548.6,0
CUST00639,Male,1,No,No,21,Yes,Fiber optic,Month-to-month,Electronic check,Yes,No,No,No,71.18,1329.13,0
CUST00640,Male,0,No,No,41,Yes,DSL,Two year,Electronic check,No,No internet service,No,No,57.12,2627.51,0
CUST00641,Male,0,Yes,No,23,Yes,DSL,Month-to-month,Credit card,No internet service,No internet service,No internet service,No,54.06,1275.99,0
CUST00642,Male,0,No,No,41,Yes,No,Month-to-month,Credit card,No internet service,No internet service,No,No,18.0,750.06,0
CUST00643,Male,0,No,Yes,46,No,DSL,Two year,Bank transfer,No,No internet service,No,Yes,56.61,2486.27,0
CUST00644,Female,0,No,Yes,24,Yes,DSL,Two year,Electronic check,No,No internet service,No,Yes,62.61,1383.69,1
CUST00645,Male,0,Yes,Yes,28,No,No,Month-to-month,Mailed check,No,No,No internet service,Yes,18.0,467.45,0
CUST00646,Female,0,Yes,Yes,22,Yes,DSL,One year,Electronic check,No,Yes,No,Yes,66.4,1445.75,0
CUST00647,Female,0,Yes,No,41,Yes,Fiber optic,One year,Bank transfer,No,No,No internet service,Yes,70.47,2801.11,0
CUST00648,Male,0,No,Yes,21,Yes,No,One year,Mailed check,No internet service,No,No,Yes,39.22,695.27,0
CUST00649,Male,0,Yes,No,38,Yes,Fiber optic,Month-to-month,Bank transfer,No,No,No internet service,Yes,77.78,3246.96,0
CUST00650,Male,0,No,No,33,Yes,DSL,Two year,Mailed check,No,No,Yes,Yes,72.65,2279.06,0
CUST00651,Female,0,No,No,4,Yes,Fiber optic,One year,Credit card,No,No,No,Yes,79.36,338.61,0
CUST00652,Male,0,No,No,40,Yes,Fiber optic,One year,Mailed check,No internet service,No internet service,Yes,Yes,75.63,2815.27,0
CUST00653,Female,1,Yes,No,30,No,Fiber optic,Two year,Mailed check,No,No,No internet service,No,83.01,2467.49,0
CUST00654,Male,0,Yes,No,63,Yes,Fiber optic,Two year,Mailed check,No,Yes,Yes,Yes,89.27,5894.31,0
CUST00655,Male,0,Yes,No,10,Yes,No,Two year,Bank transfer,No,No,No,Yes,24.64,255.86,0
CUST00656,Male,0,No,No,33,No,DSL,Month-to-month,Credit card,No,No,Yes,Yes,57.28,1816.98,0
CUST00657,Male,0,No,No,19,No,DSL,Month-to-month,Mailed check,No,Yes,Yes,No,71.79,1385.36,1
CUST00658,Male,0,Yes,No,5,Yes,Fiber optic,One year,Credit card,No,No,No,No,57.87,297.25,0
CUST00659,Female,0,No,No,3,Yes,Fiber optic,Month-to-month,Mailed check,No,No internet service,No internet service,Yes,70.01,203.65,0
CUST00660,Female,1,Yes,No,72,No,No,One year,Electronic check,No,No,Yes,No,28.39,1843.84,0
CUST00661,Female,0,Yes,No,33,Yes,DSL,One year,Electronic check,No,No,No internet service,No,55.81,1724.38,0
CUST00662,Male,0,Yes,No,24,Yes,DSL,One year,Electronic check,No,No,No internet service,No,47.91,1096.32,0
CUST00663,Female,1,No,No,7,Yes,Fiber optic,Month-to-month,Credit card,No,No,No internet service,No,77.63,533.53,0
CUST00664,Female,0,Yes,No,69,Yes,No,Two year,Electronic check,No,No,No,Yes,29.74,2239.76,0
CUST00665,Male,0,Yes,No,15,Yes,DSL,One year,Electronic check,Yes,No,No,Yes,72.52,1135.15,0
CUST00666,Male,0,No,No,34,Yes,No,Month-to-month,Electronic check,No,No,No,Yes,38.29,1201.45,0
CUST00667,Male,0,No,No,30,Yes,Fiber optic,One year,Bank transfer,No,No internet service,Yes,Yes,81.25,2702.11,0
CUST00668,Male,0,Yes,No,72,Yes,DSL,Month-to-month,Credit card,No internet service,No,No,Yes,67.19,4714.23,0
CUST00669,Male,0,Yes,Yes,27,Yes,Fiber optic,One year,Credit card,Yes,No,No internet service,No,74.09,2054.56,0
CUST00670,Female,1,No,No,18,Yes,DSL,Month-to-month,Electronic check,Yes,No internet service,Yes,Yes,63.58,1046.33,0
CUST00671,Male,0,Yes,No,33,Yes,Fiber optic,One year,Mailed check,No internet service,Yes,Yes,Yes,85.78,2684.51,1
CUST00672,Male,0,Yes,No,36,Yes,DSL,Month-to-month,Electronic check,Yes,No internet service,No,No,64.11,2429.49,0
CUST00673,Male,0,No,No,72,Yes,Fiber optic,Month-to-month,Credit card,No internet service,No,No internet service,Yes,104.7,6923.86,1
CUST00674,Female,0,Yes,No,27,Yes,DSL,Month-to-month,Electronic check,No internet service,Yes,Yes,Yes,84.33,2240.17,1
CUST00675,Male,0,No,No,10,Yes,No,Month-to-month,Credit card,Yes,Yes,No internet service,Yes,34.97,354.23,0
CUST00676,Male,0,Yes,Yes,21,Yes,No,Two year,Credit card,Yes,Yes,No,Yes,36.87,703.34,0
CUST00677,Male,0,Yes,Yes,33,Yes,Fiber optic,Two year,Bank transfer,No internet service,No internet service,No,Yes,75.8,2140.13,0
CUST00678,Female,0,Yes,No,38,Yes,Fiber optic,Month-to-month,Bank transfer,No,No,No internet service,Yes,71.28,2826.51,1
CUST00679,Male,0,Yes,No,6,Yes,No,Month-to-month,Electronic check,No,No internet service,No,No,31.05,219.92,1
CUST00680,Male,0,Yes,No,19,No,DSL,Two year,Electronic check,No,No,No,Yes,57.76,1110.74,0
CUST00681,Male,0,Yes,Yes,72,No,No,Month-to-month,Mailed check,No,No,No internet service,No,18.0,1329.12,0
CUST00682,Female,0,No,No,13,Yes,Fiber optic,Month-to-month,Electronic check,No internet service,No internet service,Yes,Yes,83.85,1000.79,1
CUST00683,Male,0,No,No,50,Yes,No,Month-to-month,Bank transfer,No,No internet service,Yes,Yes,37.92,2053.14,1
CUST00684,Male,0,Yes,No,21,Yes,DSL,One year,Mailed check,Yes,No,No internet service,Yes,57.83,1158.11,0
CUST00685,Female,0,No,No,28,Yes,DSL,Two year,Credit card,No,No,No,No,61.48,1827.24,0
CUST00686,Male,0,No,No,7,Yes,DSL,Month-to-month,Credit card,No,No internet service,No internet service,No,66.69,477.34,0
CUST00687,Female,0,No,No,23,Yes,DSL,Two year,Electronic check,No,No,No internet service,Yes,58.59,1380.21,0
CUST00688,Male,0,Yes,No,33,No,DSL,Two year,Electronic check,No,Yes,No,No,63.42,2137.92,0
CUST00689,Female,0,Yes,Yes,27,No,No,Two year,Mailed check,No,No,No,Yes,19.33,531.98,0
CUST00690,Male,0,Yes,Yes,24,Yes,DSL,One year,Electronic check,Yes,No internet service,No,No,56.97,1367.06,0
CUST00691,Male,0,Yes,No,41,Yes,DSL,Two year,Bank transfer,No internet service,No,Yes,No,79.28,3406.01,0
CUST00692,Male,0,Yes,No,9,Yes,DSL,One year,Bank transfer,No,No,No,Yes,57.41,480.1,0
CUST00693,Male,0,No,No,34,Yes,Fiber optic,Two year,Bank transfer,No,No internet service,No internet service,Yes,74.88,2452.44,0
CUST00694,Male,0,No,No,3,Yes,Fiber optic,Month-to-month,Mailed check,Yes,Yes,No internet service,Yes,77.4,251.42,1
CUST00695,Female,0,Yes,No,59,Yes,DSL,One year,Credit card,No,No internet service,No internet service,No,55.72,3261.52,0
CUST00696,Female,1,Yes,No,25,Yes,No,One year,Bank transfer,No,No,No internet service,Yes,18.0,430.73,0
CUST00697,Male,0,Yes,No,48,Yes,No,Month-to-month,Credit card,No,No,Yes,Yes,33.8,1707.48,0
CUST00698,Male,1,No,No,1,Yes,DSL,Month-to-month,Credit card,No internet service,No,No,No,54.86,56.98,0
CUST00699,Female,0,No,No,43,Yes,No,Month-to-month,Bank transfer,No,No,Yes,Yes,43.19,1651.05,0
CUST00700,Female,1,Yes,No,15,Yes,Fiber optic,Month-to-month,Electronic check,Yes,No,No,No,71.14,1100.28,0
CUST00701,Male,1,No,No,28,Yes,Fiber optic,Month-to-month,Credit card,No,No,No internet service,Yes,71.64,1985.09,0
CUST00702,Male,0,No,No,44,Yes,No,Month-to-month,Electronic check,No,Yes,No internet service,No,31.56,1430.07,0
CUST00703,Female,0,No,Yes,26,Yes,No,Month-to-month,Mailed check,No,No,No internet service,No,27.97,713.22,0
CUST00704,Female,1,No,No,40,Yes,Fiber optic,One year,Mailed check,No internet service,No,No,Yes,83.93,3399.17,0
CUST00705,Female,1,No,No,22,Yes,Fiber optic,Month-to-month,Electronic check,No,No internet service,No,Yes,63.68,1193.38,1
CUST00706,Male,1,Yes,No,63,Yes,DSL,Month-to-month,Electronic check,Yes,Yes,Yes,Yes,77.22,4462.8,1
CUST00707,Female,0,Yes,Yes,25,Yes,Fiber optic,Month-to-month,Electronic check,Yes,Yes,No,No,67.45,1739.88,1
CUST00708,Male,0,No,No,25,Yes,Fiber optic,Month-to-month,Credit card,No,No,Yes,Yes,89.79,2611.77,1
CUST00709,Female,1,Yes,No,25,No,DSL,Month-to-month,Bank transfer,No,No,No internet service,No,58.13,1461.55,0
CUST00710,Female,0,No,No,28,No,No,Two year,Credit card,Yes,No,No,No,18.0,469.48,0
CUST00711,Male,0,Yes,No,9,Yes,Fiber optic,Month-to-month,Credit card,No,No internet service,No,No,61.79,550.26,1
CUST00712,Male,0,Yes,Yes,12,No,DSL,Month-to-month,Mailed check,No internet service,Yes,No internet service,Yes,73.51,809.31,0
CUST00713,Male,0,Yes,No,52,Yes,No,One year,Bank transfer,No internet service,No,Yes,Yes,19.68,1092.42,0
CUST00714,Male,0,No,No,48,Yes,Fiber optic,Two year,Bank transfer,No,No internet service,No,Yes,74.23,3503.77,0
CUST00715,Male,0,Yes,Yes,46,Yes,DSL,Month-to-month,Electronic check,No,No,No internet service,Yes,55.57,2693.55,0
CUST00716,Male,0,Yes,No,38,Yes,Fiber optic,Month-to-month,Credit card,No,No,No internet service,Yes,70.44,2594.43,0
CUST00717,Male,0,Yes,No,19,Yes,No,One year,Credit card,No,No internet service,Yes,Yes,27.61,556.03,0
CUST00718,Female,1,No,Yes,17,Yes,No,Month-to-month,Electronic check,No,No,No,No,18.0,265.1,1
CUST00719,Female,0,No,No,27,Yes,DSL,Month-to-month,Credit card,No,Yes,No,Yes,63.1,1672.55,1
CUST00720,Male,0,Yes,No,58,Yes,Fiber optic,Two year,Electronic check,Yes,Yes,Yes,Yes,92.58,5465.06,0
CUST00721,Female,0,No,No,32,Yes,No,Two year,Credit card,No,No internet service,Yes,Yes,30.66,943.07,0
CUST00722,Male,1,Yes,No,12,No,No,One year,Bank transfer,No,No internet service,No,No,28.37,342.2,0
CUST00723,Male,0,No,Yes,7,Yes,DSL,Month-to-month,Electronic check,Yes,Yes,No,No,65.06,457.23,0
CUST00724,Female,0,Yes,No,49,Yes,Fiber optic,One year,Credit card,No,No,No,No,76.89,3968.87,0
CUST00725,Male,0,No,No,70,Yes,No,Two year,Mailed check,No internet service,No,Yes,Yes,36.32,2602.16,0
CUST00726,Female,0,No,Yes,6,Yes,DSL,Two year,Electronic check,No,Yes,Yes,Yes,70.67,427.2,0
CUST00727,Male,0,No,No,50,Yes,Fiber optic,Month-to-month,Credit card,No,No internet service,No,No,64.37,3352.27,0
CUST00728,Female,1,Yes,Yes,37,No,Fiber optic,Month-to-month,Bank transfer,Yes,No,Yes,Yes,87.65,2871.03,0
CUST00729,Female,0,No,No,14,Yes,Fiber optic,Month-to-month,Mailed check,Yes,No internet service,Yes,Yes,73.49,954.09,1
CUST00730,Male,0,No,No,32,Yes,Fiber optic,Two year,Bank transfer,No,No,Yes,No,84.01,2373.87,0
CUST00731,Male,1,Yes,No,10,Yes,DSL,Month-to-month,Electronic check,Yes,Yes,No,Yes,67.25,684.88,0
CUST00732,Female,0,No,No,23,Yes,No,Month-to-month,Electronic check,No,No,No,Yes,21.3,494.29,1
CUST00733,Male,1,No,Yes,28,Yes,DSL,Month-to-month,Bank transfer,No internet service,No,No internet service,Yes,62.44,1882.89,0
CUST00734,Male,0,Yes,No,62,Yes,No,Month-to-month,Electronic check,No,No,No,No,35.94,2238.57,0
CUST00735,Female,0,No,No,22,Yes,Fiber optic,Two year,Mailed check,No,Yes,Yes,Yes,93.0,1914.61,0
CUST00736,Male,1,Yes,No,16,Yes,DSL,Month-to-month,Credit card,No,No internet service,Yes,No,68.03,1076.92,0
CUST00737,Male,0,No,No,35,Yes,No,Month-to-month,Credit card,Yes,No,No internet service,No,37.97,1127.91,0
CUST00738,Female,0,Yes,Yes,41,Yes,No,One year,Mailed check,No,No,Yes,No,19.61,764.95,0
CUST00739,Male,1,Yes,Yes,15,Yes,Fiber optic,One year,Bank transfer,No,No,Yes,Yes,71.1,869.95,0
CUST00740,Male,0,No,Yes,12,Yes,DSL,One year,Credit card,No,No,Yes,Yes,63.28,761.64,0
CUST00741,Male,0,No,Yes,12,No,Fiber optic,Two year,Credit card,No,No,No,No,83.35,960.64,0
CUST00742,Male,0,No,Yes,62,Yes,No,Month-to-month,Electronic check,No,No,No,No,32.54,1958.45,0
CUST00743,Male,0,No,No,40,No,DSL,Month-to-month,Mailed check,Yes,Yes,No,No,53.27,1949.23,0
CUST00744,Female,0,Yes,No,21,Yes,No,Month-to-month,Electronic check,Yes,No,Yes,No,29.51,578.3,0
CUST00745,Male,0,Yes,No,56,Yes,DSL,One year,Electronic check,No,No,No internet service,No,48.41,2788.18,0
CUST00746,Female,0,Yes,No,15,Yes,Fiber optic,Two year,Electronic check,No,Yes,Yes,Yes,87.68,1156.69,0
CUST00747,Male,0,Yes,No,26,Yes,Fiber optic,Month-to-month,Bank transfer,No,No internet service,No,Yes,79.21,2091.17,0
CUST00748,Female,0,No,No,10,Yes,DSL,Two year,Credit card,Yes,Yes,No internet service,Yes,74.81,690.66,0
CUST00749,Female,1,No,No,54,Yes,No,One year,Credit card,No,No internet service,Yes,Yes,35.14,1636.32,0
CUST00750,Female,0,No,No,14,Yes,DSL,Two year,Mailed check,No internet service,Yes,No,Yes,63.6,949.03,0
CUST00751,Male,1,Yes,No,14,Yes,No,Month-to-month,Mailed check,No,No,No,Yes,24.24,364.15,1
CUST00752,Female,0,Yes,No,36,Yes,DSL,Month-to-month,Electronic check,No internet service,No,No,Yes,64.47,2186.86,0
CUST00753,Female,1,No,No,3,Yes,DSL,One year,Electronic check,No,No,No,Yes,77.78,219.7,0
CUST00754,Male,0,Yes,No,8,Yes,No,Two year,Electronic check,Yes,No internet service,No,No,18.0,138.59,0
CUST00755,Male,0,Yes,No,45,Yes,Fiber optic,One year,Credit card,No,Yes,No,No,92.71,3851.94,0
CUST00756,Female,1,Yes,No,12,Yes,DSL,Two year,Electronic check,No,Yes,No,Yes,68.95,774.14,1
CUST00757,Male,0,Yes,No,72,Yes,Fiber optic,Month-to-month,Bank transfer,No internet service,Yes,No,No,86.56,6304.02,0
CUST00758,Female,0,Yes,Yes,31,Yes,DSL,One year,Electronic check,No,No,Yes,Yes,68.48,2388.61,0
CUST00759,Female,0,No,Yes,5,Yes,No,Month-to-month,Mailed check,No,No internet service,No,Yes,36.23,173.03,0
CUST00760,Male,0,Yes,No,72,Yes,DSL,Month-to-month,Credit card,No internet service,Yes,No,Yes,69.64,5272.89,0
CUST00761,Female,0,No,Yes,31,Yes,Fiber optic,Month-to-month,Credit card,No,No,No,Yes,66.81,2080.85,0
CUST00762,Male,0,No,No,24,Yes,DSL,Month-to-month,Electronic check,No,No,No,No,62.6,1296.49,0
CUST00763,Male,0,No,Yes,31,Yes,Fiber optic,Month-to-month,Credit card,No,No internet service,No,No,81.01,2456.79,0
CUST00764,Male,0,Yes,No,5,No,No,One year,Electronic check,No internet service,No,No internet service,Yes,25.0,121.19,0
CUST00765,Female,0,Yes,Yes,27,Yes,No,Two year,Credit card,Yes,No internet service,No,No,18.0,526.1,0
CUST00766,Male,0,Yes,No,13,Yes,Fiber optic,Month-to-month,Electronic check,No,No,No,Yes,71.08,1002.92,0
CUST00767,Male,0,Yes,No,25,Yes,DSL,Month-to-month,Mailed check,No,No internet service,Yes,Yes,67.78,1705.3,1
CUST00768,Female,0,Yes,Yes,19,Yes,DSL,Month-to-month,Bank transfer,No internet service,No,No,No,58.64,1186.58,1
CUST00769,Female,0,No,Yes,30,Yes,No,Month-to-month,Credit card,No internet service,No,No,No,21.04,612.11,0
CUST00770,Female,0,Yes,No,21,Yes,DSL,Month-to-month,Credit card,No internet service,No internet service,No internet service,Yes,69.58,1546.45,0
CUST00771,Male,0,Yes,No,18,Yes,Fiber optic,One year,Electronic check,Yes,No,No internet service,No,53.02,941.98,0
CUST00772,Male,0,Yes,No,12,Yes,Fiber optic,Two year,Credit card,No,No,Yes,Yes,80.75,1024.08,0
CUST00773,Female,0,No,No,5,Yes,No,Month-to-month,Electronic check,No internet service,No,No internet service,No,25.86,137.57,1
CUST00774,Male,0,No,No,4,Yes,Fiber optic,One year,Electronic check,No,No internet service,No,No,88.76,365.75,0
CUST00775,Male,0,No,Yes,8,No,Fiber optic,One year,Electronic check,No internet service,No,No,Yes,71.88,533.69,0
CUST00776,Male,0,No,No,42,Yes,No,Month-to-month,Electronic check,No internet service,Yes,No,Yes,36.57,1460.01,0
CUST00777,Female,0,No,No,11,Yes,No,Month-to-month,Electronic check,No,No internet service,No,No,26.0,295.34,0
CUST00778,Female,0,No,Yes,16,Yes,Fiber optic,Month-to-month,Bank transfer,Yes,No,No internet service,Yes,72.76,1213.69,0
CUST00779,Female,0,Yes,No,16,Yes,No,Month-to-month,Electronic check,No,Yes,Yes,No,55.1,873.74,1
CUST00780,Male,0,No,No,19,Yes,Fiber optic,Two year,Bank transfer,No,Yes,No,Yes,71.11,1294.53,1
CUST00781,Male,0,No,Yes,37,Yes,Fiber optic,Month-to-month,Electronic check,No,Yes,Yes,Yes,82.66,3038.23,0
CUST00782,Male,0,Yes,Yes,21,Yes,DSL,Month-to-month,Bank transfer,Yes,No,Yes,Yes,73.03,1473.06,0
CUST00783,Female,0,No,Yes,48,Yes,Fiber optic,Month-to-month,Electronic check,No,Yes,No,No,82.05,3784.39,0
CUST00784,Female,0,No,Yes,9,Yes,Fiber optic,Month-to-month,Electronic check,Yes,Yes,No,Yes,77.73,781.56,1
CUST00785,Female,0,No,Yes,44,Yes,DSL,Two year,Bank transfer,No,No,No internet service,Yes,58.44,2434.35,0
CUST00786,Male,0,Yes,No,67,Yes,DSL,Month-to-month,Credit card,No,No internet service,No,Yes,66.31,4511.83,0
CUST00787,Female,1,No,Yes,26,Yes,Fiber optic,One year,Credit card,No,No,No,No,75.88,1954.54,0
CUST00788,Male,0,No,No,10,Yes,DSL,Month-to-month,Mailed check,Yes,No,No internet service,Yes,53.3,476.58,1
CUST00789,Male,0,Yes,No,38,Yes,Fiber optic,Month-to-month,Credit card,No,No,No,Yes,73.9,2504.15,0
CUST00790,Female,0,Yes,No,27,Yes,Fiber optic,Month-to-month,Bank transfer,No internet service,Yes,No,Yes,79.6,2094.01,0
CUST00791,Female,0,Yes,No,33,Yes,Fiber optic,Two year,Credit card,No,No internet service,No internet service,Yes,75.76,2108.35,0
CUST00792,Female,0,Yes,Yes,49,Yes,DSL,Month-to-month,Electronic check,No internet service,Yes,No,Yes,64.43,3498.44,0
CUST00793,Male,0,No,Yes,20,No,Fiber optic,One year,Electronic check,No,Yes,No,Yes,70.33,1342.86,0
CUST00794,Male,1,No,Yes,17,Yes,Fiber optic,Month-to-month,Electronic check,Yes,No,No,No,77.38,1248.34,1
CUST00795,Female,1,Yes,No,72,Yes,Fiber optic,One year,Credit card,Yes,Yes,No,No,84.39,6474.76,0
CUST00796,Female,0,Yes,No,38,Yes,Fiber optic,One year,Electronic check,No,Yes,No,Yes,91.32,3366.57,0
CUST00797,Male,0,No,No,55,Yes,No,One year,Electronic check,Yes,No,No,Yes,18.0,1015.32,0
CUST00798,Female,0,Yes,No,47,Yes,DSL,Month-to-month,Bank transfer,No internet service,No,No,No,58.44,2581.66,0
CUST00799,Female,0,No,No,55,Yes,Fiber optic,Month-to-month,Credit card,No,Yes,Yes,Yes,86.16,4659.09,0
CUST00800,Female,0,Yes,Yes,34,Yes,DSL,Two year,Bank transfer,No internet service,No,Yes,Yes,63.83,2273.94,0
CUST00801,Female,1,Yes,No,51,No,No,One year,Bank transfer,No,No,No,No,18.0,844.26,0
CUST00802,Female,0,No,Yes,16,Yes,DSL,Month-to-month,Electronic check,No,No internet service,Yes,Yes,58.47,951.37,1
CUST00803,Male,0,Yes,No,5,Yes,Fiber optic,Month-to-month,Credit card,No,Yes,No,Yes,82.16,333.09,1
CUST00804,Male,1,No,No,13,No,Fiber optic,Month-to-month,Electronic check,No,No internet service,Yes,No,76.0,1055.76,0
CUST00805,Male,0,Yes,Yes,24,Yes,DSL,Month-to-month,Electronic check,No,No,Yes,Yes,60.39,1363.92,1
CUST00806,Male,0,No,No,22,Yes,No,Month-to-month,Mailed check,No,No,No internet service,No,36.44,780.84,0
CUST00807,Male,1,No,No,27,Yes,DSL,Month-to-month,Electronic check,No internet service,Yes,No,Yes,85.99,2259.38,0
CUST00808,Female,0,No,Yes,15,Yes,DSL,Month-to-month,Bank transfer,No,No,No internet service,Yes,58.55,800.75,0
CUST00809,Female,0,Yes,No,3,No,Fiber optic,One year,Bank transfer,No,Yes,Yes,No,75.98,206.6,0
CUST00810,Male,0,No,No,19,Yes,Fiber optic,Two year,Electronic check,No,No,Yes,No,83.17,1606.29,0
CUST00811,Female,1,No,Yes,8,Yes,DSL,One year,Electronic check,Yes,No,Yes,No,50.32,410.52,0
CUST00812,Male,0,Yes,Yes,26,Yes,DSL,Month-to-month,Electronic check,Yes,Yes,Yes,Yes,64.2,1532.38,0
CUST00813,Male,0,Yes,Yes,35,Yes,DSL,Two year,Electronic check,No,Yes,Yes,No,78.31,2789.84,0
CUST00814,Female,0,No,Yes,19,Yes,No,Month-to-month,Credit card,Yes,No internet service,No,Yes,18.0,348.52,0
CUST00815,Male,0,Yes,No,10,Yes,Fiber optic,One year,Bank transfer,No internet service,No,Yes,No,77.63,740.22,0
CUST00816,Male,1,No,No,28,Yes,DSL,Month-to-month,Electronic check,No internet service,No,No internet service,No,47.13,1173.76,0
CUST00817,Female,0,No,No,72,Yes,Fiber optic,Month-to-month,Electronic check,Yes,No internet service,No,Yes,72.45,5098.36,0
CUST00818,Female,1,Yes,No,38,Yes,No,One year,Credit card,No,Yes,Yes,Yes,49.99,1910.17,0
CUST00819,Male,0,No,No,40,No,No,Month-to-month,Credit card,No,No,No internet service,No,20.1,784.61,0
CUST00820,Male,0,No,No,18,Yes,DSL,One year,Credit card,No,No,No,No,58.84,994.01,0
CUST00821,Female,1,Yes,No,13,Yes,Fiber optic,One year,Electronic check,No,No,No,Yes,65.47,861.91,0
CUST00822,Male,0,No,Yes,55,Yes,DSL,Month-to-month,Mailed check,No internet service,No,No,Yes,53.03,3116.65,0
CUST00823,Female,0,Yes,No,2,Yes,DSL,Month-to-month,Electronic check,No internet service,No internet service,No,No,52.35,96.96,0
CUST00824,Male,1,Yes,No,15,Yes,No,One year,Credit card,Yes,Yes,No,Yes,39.29,565.27,0
CUST00825,Male,0,No,No,72,Yes,No,One year,Mailed check,No,Yes,No internet service,Yes,21.69,1830.32,0
CUST00826,Female,0,Yes,No,25,Yes,DSL,Two year,Bank transfer,No,No,No,Yes,56.35,1409.26,0
CUST00827,Male,1,No,Yes,6,Yes,No,Month-to-month,Electronic check,No,No internet service,No,Yes,28.28,151.24,0
CUST00828,Male,0,Yes,No,36,Yes,Fiber optic,Two year,Bank transfer,Yes,No,No internet service,Yes,79.28,2701.58,0
CUST00829,Male,0,No,Yes,19,Yes,Fiber optic,Month-to-month,Electronic check,No internet service,Yes,No,No,83.52,1471.06,0
CUST00830,Female,0,Yes,No,5,Yes,No,Month-to-month,Credit card,No internet service,No,No internet service,No,24.42,122.91,0
CUST00831,Female,0,No,No,31,No,Fiber optic,One year,Electronic check,No,No,No internet service,Yes,67.45,2094.17,1
CUST00832,Female,0,No,No,28,Yes,No,Month-to-month,Credit card,No internet service,No,No,Yes,32.4,848.64,0
CUST00833,Female,0,No,No,27,Yes,DSL,Month-to-month,Electronic check,No,No internet service,No,No,52.06,1560.16,0
CUST00834,Female,0,No,Yes,38,Yes,Fiber optic,Month-to-month,Bank transfer,No,No,No,Yes,65.18,2442.06,1
CUST00835,Male,0,No,No,9,Yes,DSL,Two year,Bank transfer,No internet service,No,Yes,No,77.82,664.03,0
CUST00836,Male,0,No,No,34,Yes,No,Two year,Mailed check,No,No,No,Yes,27.88,847.93,0
CUST00837,Male,0,No,No,30,Yes,DSL,Two year,Electronic check,No,No,Yes,No,70.16,1930.87,0
CUST00838,Female,0,No,Yes,54,Yes,Fiber optic,Month-to-month,Mailed check,No,No,No,Yes,76.79,3702.05,0
CUST00839,Female,0,No,Yes,14,Yes,Fiber optic,Month-to-month,Electronic check,No,Yes,No,No,79.24,1072.37,1
CUST00840,Male,0,No,No,61,Yes,DSL,Two year,Bank transfer,Yes,No,No internet service,No,47.5,2660.06,0
CUST00841,Female,0,Yes,No,46,Yes,DSL,Month-to-month,Electronic check,No,No,Yes,Yes,69.01,3285.18,0
CUST00842,Male,1,No,No,24,Yes,DSL,Month-to-month,Electronic check,No,No,No,No,58.85,1326.37,0
CUST00843,Male,0,No,No,27,Yes,Fiber optic,Month-to-month,Electronic check,No,Yes,No,Yes,73.13,2051.15,0
CUST00844,Female,0,Yes,No,2,Yes,DSL,One year,Electronic check,No,Yes,No,Yes,58.29,118.26,0
CUST00845,Female,1,Yes,No,26,Yes,Fiber optic,One year,Electronic check,Yes,Yes,Yes,No,87.63,2335.76,0
CUST00846,Female,0,No,Yes,44,Yes,Fiber optic,Month-to-month,Bank transfer,No internet service,Yes,No,No,69.14,3172.28,0
CUST00847,Female,0,Yes,No,21,No,No,Month-to-month,Electronic check,No,Yes,No,Yes,31.85,748.8,0
CUST00848,Female,0,Yes,No,54,Yes,No,One year,Credit card,No,Yes,No,Yes,30.89,1535.57,0
CUST00849,Male,0,Yes,Yes,37,Yes,DSL,One year,Bank transfer,No internet service,Yes,No,Yes,66.05,2539.7,0
CUST00850,Male,0,Yes,Yes,72,Yes,No,Month-to-month,Mailed check,No internet service,Yes,Yes,Yes,44.22,3208.89,0
CUST00851,Male,0,No,No,15,Yes,No,Month-to-month,Credit card,Yes,No internet service,No,Yes,29.98,474.18,0
CUST00852,Male,0,No,Yes,41,Yes,Fiber optic,Two year,Bank transfer,No,No,No internet service,Yes,66.31,2685.42,0
CUST00853,Male,0,No,No,8,Yes,Fiber optic,One year,Bank transfer,No,No,Yes,Yes,86.96,739.04,1
CUST00854,Female,1,No,Yes,23,Yes,DSL,One year,Electronic check,No,No,Yes,No,65.25,1335.05,0
CUST00855,Female,0,No,Yes,38,Yes,Fiber optic,One year,Bank transfer,No,No,No internet service,No,86.03,2973.93,0
CUST00856,Male,0,Yes,Yes,43,Yes,Fiber optic,Two year,Electronic check,Yes,Yes,Yes,No,83.32,3368.35,0
CUST00857,Female,0,No,No,20,Yes,DSL,Month-to-month,Mailed check,No,No,No,Yes,46.11,898.93,0
CUST00858,Female,1,Yes,No,58,Yes,DSL,Month-to-month,Electronic check,No,No,No,Yes,65.67,3745.04,0
CUST00859,Male,0,Yes,No,67,Yes,DSL,Month-to-month,Mailed check,No,No,No,Yes,62.4,3880.61,0
CUST00860,Male,0,No,Yes,15,Yes,Fiber optic,Two year,Bank transfer,Yes,Yes,No,Yes,89.61,1224.04,1
CUST00861,Male,0,No,No,23,Yes,DSL,Month-to-month,Electronic check,No internet service,No,No,Yes,61.48,1320.9,0
CUST00862,Male,0,Yes,No,22,Yes,Fiber optic,Month-to-month,Electronic check,No,Yes,No internet service,Yes,98.72,1868.54,1
CUST00863,Female,0,No,No,18,No,No,Month-to-month,Credit card,No,Yes,No,No,31.49,544.05,0
CUST00864,Male,0,Yes,No,64,Yes,DSL,One year,Electronic check,No,No,No,No,67.37,4207.82,0
CUST00865,Male,0,Yes,No,63,Yes,DSL,One year,Electronic check,Yes,Yes,No internet service,Yes,62.8,3999.42,0
CUST00866,Male,1,Yes,No,22,Yes,DSL,Month-to-month,Electronic check,No,No,Yes,Yes,70.93,1547.48,0
CUST00867,Male,0,Yes,No,41,No,Fiber optic,Month-to-month,Credit card,No,Yes,No internet service,No,85.42,3871.84,1
CUST00868,Male,0,No,No,54,Yes,No,One year,Bank transfer,Yes,No,No internet service,No,31.66,1772.67,0
CUST00869,Female,0,Yes,Yes,32,Yes,Fiber optic,Month-to-month,Bank transfer,No,No,No internet service,Yes,78.21,2581.84,0
CUST00870,Female,0,No,No,21,Yes,No,One year,Credit card,Yes,No internet service,Yes,No,18.0,380.09,0
CUST00871,Female,0,Yes,No,15,Yes,No,Month-to-month,Bank transfer,No,No,No,Yes,24.45,373.17,0
CUST00872,Female,0,No,Yes,44,Yes,DSL,Two year,Credit card,No,No internet service,No internet service,No,54.4,2308.74,0
CUST00873,Female,0,No,No,8,No,Fiber optic,Month-to-month,Bank transfer,Yes,Yes,No,No,76.98,607.82,0
CUST00874,Female,0,No,No,21,Yes,Fiber optic,One year,Credit card,Yes,No,No,Yes,69.73,1632.01,1
CUST00875,Male,0,Yes,Yes,19,Yes,Fiber optic,Month-to-month,Bank transfer,No internet service,No,Yes,Yes,87.82,1627.03,0
CUST00876,Male,0,No,No,8,Yes,DSL,Month-to-month,Electronic check,No,No,Yes,No,68.62,486.8,1
CUST00877,Male,0,No,No,25,Yes,Fiber optic,One year,Electronic check,No,No,No internet service,No,67.94,1747.38,0
CUST00878,Male,0,Yes,No,23,Yes,Fiber optic,One year,Electronic check,No,No internet service,No internet service,No,60.25,1442.93,0
CUST00879,Male,0,Yes,No,12,Yes,Fiber optic,Two year,Mailed check,Yes,No,Yes,Yes,92.26,1096.95,0
CUST00880,Male,0,Yes,No,62,Yes,DSL,One year,Credit card,No internet service,No,Yes,No,61.82,3252.23,0
CUST00881,Female,0,Yes,No,44,Yes,DSL,One year,Bank transfer,Yes,No,No,No,57.95,2728.45,0
CUST00882,Male,0,Yes,No,27,Yes,Fiber optic,Two year,Bank transfer,No internet service,Yes,Yes,No,105.11,2826.88,1
CUST00883,Female,1,Yes,Yes,49,Yes,Fiber optic,Month-to-month,Bank transfer,No,No,No,Yes,67.04,3147.92,0
CUST00884,Female,1,Yes,No,57,Yes,Fiber optic,Two year,Credit card,Yes,No,No,Yes,69.79,4229.3,0
CUST00885,Male,0,No,No,64,Yes,DSL,Month-to-month,Bank transfer,No,Yes,No,Yes,68.86,3694.31,0
CUST00886,Male,0,Yes,No,15,Yes,DSL,Month-to-month,Electronic check,No internet service,Yes,No,Yes,54.15,802.37,0
CUST00887,Female,0,Yes,Yes,49,Yes,Fiber optic,Two year,Mailed check,No,No internet service,Yes,Yes,66.23,3057.51,0
CUST00888,Female,0,No,Yes,23,Yes,Fiber optic,Month-to-month,Mailed check,Yes,Yes,Yes,Yes,84.15,2098.9,0
CUST00889,Female,0,Yes,No,31,Yes,DSL,Month-to-month,Electronic check,No internet service,No,No internet service,No,55.42,1712.87,0
CUST00890,Female,1,Yes,Yes,16,Yes,Fiber optic,Month-to-month,Electronic check,Yes,Yes,Yes,No,89.07,1310.36,1
CUST00891,Female,1,Yes,No,26,Yes,Fiber optic,Month-to-month,Electronic check,Yes,No,Yes,No,72.18,1988.67,0
CUST00892,Male,0,Yes,No,49,Yes,Fiber optic,One year,Electronic check,Yes,Yes,No,No,83.47,3304.2,0
CUST00893,Male,0,Yes,No,72,Yes,DSL,Month-to-month,Electronic check,No internet service,No,Yes,No,49.75,3637.71,0
CUST00894,Male,0,Yes,Yes,24,Yes,Fiber optic,Month-to-month,Credit card,Yes,Yes,No,Yes,79.44,1699.83,0
CUST00895,Male,0,Yes,No,12,Yes,No,Month-to-month,Mailed check,Yes,Yes,No internet service,Yes,35.88,408.01,0
CUST00896,Male,1,No,No,72,Yes,Fiber optic,Month-to-month,Credit card,No internet service,Yes,Yes,No,90.63,6284.92,0
CUST00897,Male,0,No,No,15,No,DSL,Month-to-month,Electronic check,No,Yes,No,No,65.7,1028.57,0
CUST00898,Female,1,Yes,No,5,Yes,DSL,Month-to-month,Credit card,No,No,Yes,No,61.72,350.03,1
CUST00899,Female,0,Yes,No,17,Yes,DSL,Two year,Bank transfer,No,Yes,No,Yes,65.47,952.09,0
CUST00900,Male,0,Yes,No,2,Yes,No,One year,Credit card,No,No,No,No,34.87,70.52,0
CUST00901,Female,0,No,No,55,Yes,No,Month-to-month,Mailed check,No,No,No internet service,Yes,20.2,1260.07,0
CUST00902,Female,0,No,No,14,Yes,DSL,Month-to-month,Bank transfer,No,Yes,Yes,Yes,82.82,1089.79,0
CUST00903,Female,0,Yes,No,10,Yes,No,Month-to-month,Mailed check,No,Yes,No internet service,Yes,42.1,393.87,0
CUST00904,Male,0,Yes,No,29,Yes,DSL,Month-to-month,Mailed check,No,No,No internet service,Yes,45.11,1303.63,0
CUST00905,Female,0,Yes,No,72,Yes,Fiber optic,Month-to-month,Bank transfer,No,No,No,Yes,70.97,5304.11,0
CUST00906,Male,1,No,No,37,Yes,Fiber optic,Two year,Electronic check,Yes,No,No,No,64.18,2436.48,0
CUST00907,Female,0,No,No,8,Yes,Fiber optic,One year,Electronic check,No,No internet service,Yes,Yes,67.99,519.38,0
CUST00908,Female,0,Yes,No,72,Yes,Fiber optic,Month-to-month,Credit card,No,Yes,No,No,86.34,5742.92,0
CUST00909,Female,0,No,Yes,34,Yes,Fiber optic,Month-to-month,Electronic check,No internet service,No,No,Yes,75.79,2762.73,0
CUST00910,Female,0,Yes,Yes,51,Yes,DSL,One year,Bank transfer,No internet service,No,Yes,Yes,69.11,3263.01,0
CUST00911,Male,0,No,No,7,Yes,No,Two year,Electronic check,No internet service,Yes,No,Yes,24.32,144.0,1
CUST00912,Female,0,No,No,72,Yes,DSL,Month-to-month,Mailed check,No internet service,No,No,Yes,60.68,3837.09,0
CUST00913,Female,0,Yes,No,20,Yes,DSL,Two year,Electronic check,No internet service,No,No,Yes,48.52,911.86,0
CUST00914,Male,0,Yes,No,6,Yes,No,Month-to-month,Mailed check,No,No,No internet service,Yes,25.62,166.71,0
CUST00915,Male,1,No,No,31,Yes,Fiber optic,One year,Credit card,No,No,No,Yes,66.71,1854.62,0
CUST00916,Female,0,Yes,No,51,Yes,Fiber optic,Month-to-month,Credit card,No,Yes,No,Yes,88.41,4899.09,0
CUST00917,Male,1,No,No,41,Yes,DSL,One year,Electronic check,Yes,No,No,Yes,56.09,2464.07,0
CUST00918,Male,0,Yes,Yes,41,Yes,DSL,Month-to-month,Electronic check,Yes,No,No,Yes,60.85,2484.29,0
CUST00919,Female,0,No,No,39,Yes,DSL,Month-to-month,Credit card,No,No,No,Yes,60.87,1902.86,0
CUST00920,Male,0,Yes,Yes,29,Yes,Fiber optic,One year,Electronic check,No,No,Yes,Yes,79.39,2065.44,0
CUST00921,Male,0,Yes,No,7,Yes,Fiber optic,One year,Electronic check,No,No,No,Yes,72.84,477.07,0
CUST00922,Male,0,Yes,No,23,Yes,Fiber optic,One year,Mailed check,No,No,No,No,74.43,1885.05,0
CUST00923,Female,0,Yes,No,20,Yes,No,Month-to-month,Credit card,Yes,Yes,No,Yes,25.83,485.69,0
CUST00924,Female,0,Yes,No,64,Yes,No,One year,Electronic check,No internet service,No,Yes,No,36.22,2146.3,0
CUST00925,Female,0,No,No,55,Yes,DSL,Month-to-month,Electronic check,No,No,Yes,No,73.91,4037.33,0
CUST00926,Male,0,Yes,Yes,18,Yes,No,One year,Credit card,No,Yes,No,Yes,36.18,573.96,0
CUST00927,Male,0,Yes,Yes,46,Yes,No,Month-to-month,Credit card,No,Yes,Yes,No,38.17,1717.68,0
CUST00928,Female,0,Yes,No,25,Yes,No,Month-to-month,Bank transfer,Yes,Yes,No,No,34.4,794.73,0
CUST00929,Female,0,Yes,No,5,No,Fiber optic,Month-to-month,Bank transfer,No internet service,No,No,No,69.09,403.53,1
CUST00930,Male,1,No,No,2,Yes,DSL,Two year,Credit card,No,Yes,Yes,No,74.05,135.62,1
CUST00931,Male,0,No,Yes,42,Yes,DSL,One year,Bank transfer,No internet service,No internet service,No internet service,Yes,49.5,2318.28,0
CUST00932,Male,1,Yes,No,11,Yes,No,Month-to-month,Bank transfer,No,No internet service,No,Yes,36.04,356.87,0
CUST00933,Female,0,No,No,11,Yes,Fiber optic,One year,Mailed check,No internet service,No internet service,Yes,Yes,95.48,1048.59,0
CUST00934,Male,0,No,No,15,Yes,No,Month-to-month,Electronic check,Yes,Yes,No internet service,No,27.37,416.72,0
CUST00935,Female,0,No,Yes,43,Yes,Fiber optic,Month-to-month,Credit card,No,No,No,Yes,78.29,3332.55,1
CUST00936,Male,0,Yes,No,55,No,DSL,Month-to-month,Bank transfer,No,No internet service,No,Yes,70.66,3830.45,0
CUST00937,Female,0,Yes,Yes,55,Yes,Fiber optic,Two year,Electronic check,No,No,Yes,No,72.34,4139.05,0
CUST00938,Female,0,Yes,No,5,Yes,No,Two year,Bank transfer,No internet service,Yes,No internet service,Yes,18.0,90.83,0
CUST00939,Female,0,No,Yes,15,Yes,DSL,Two year,Credit card,No,No internet service,Yes,Yes,79.13,1148.85,0
CUST00940,Male,1,No,No,13,Yes,Fiber optic,Month-to-month,Electronic check,No,No,No,Yes,71.92,872.12,1
CUST00941,Male,0,Yes,No,43,Yes,No,Month-to-month,Bank transfer,No,No,No internet service,No,20.84,867.8,0
CUST00942,Female,0,Yes,Yes,15,No,DSL,Two year,Electronic check,Yes,No internet service,No internet service,Yes,59.38,861.78,0
CUST00943,Male,0,No,No,24,Yes,DSL,Month-to-month,Bank transfer,No internet service,No internet service,No,Yes,56.05,1299.67,1
CUST00944,Female,0,No,No,45,Yes,Fiber optic,One year,Credit card,No,No,Yes,No,103.68,4597.17,1
CUST00945,Female,0,Yes,No,28,Yes,No,Two year,Credit card,Yes,Yes,No,Yes,28.75,709.48,0
CUST00946,Female,0,No,No,34,Yes,Fiber optic,Month-to-month,Credit card,No,No,No internet service,Yes,74.62,2303.84,0
CUST00947,Male,0,Yes,Yes,23,Yes,DSL,Month-to-month,Bank transfer,Yes,No,No,No,69.34,1655.78,0
CUST00948,Female,0,Yes,No,52,Yes,DSL,Two year,Mailed check,No internet service,No,No internet service,Yes,69.3,2963.86,0
CUST00949,Male,0,No,No,55,Yes,Fiber optic,One year,Bank transfer,No,No,Yes,Yes,88.77,5193.81,0
CUST00950,Female,0,No,No,38,Yes,DSL,Two year,Electronic check,Yes,No,No internet service,Yes,55.59,1987.52,0
CUST00951,Female,0,No,No,55,Yes,DSL,One year,Mailed check,No internet service,No,Yes,No,65.78,3968.34,0
CUST00952,Female,1,Yes,No,72,Yes,No,Month-to-month,Mailed check,No,No internet service,No,Yes,18.0,1381.32,0
CUST00953,Male,1,Yes,Yes,45,Yes,DSL,Two year,Mailed check,Yes,No internet service,No internet service,No,58.4,2515.21,0
CUST00954,Female,0,Yes,No,26,Yes,No,One year,Mailed check,No,No,No,No,25.26,633.34,0
CUST00955,Male,0,Yes,No,34,Yes,No,Two year,Mailed check,Yes,No,No,No,30.93,1147.87,0
CUST00956,Male,0,Yes,No,59,Yes,Fiber optic,Month-to-month,Electronic check,No internet service,No,No,Yes,86.36,5447.46,0
CUST00957,Female,0,Yes,No,20,Yes,Fiber optic,Month-to-month,Electronic check,No,No,No internet service,No,77.69,1628.53,0
CUST00958,Male,0,Yes,Yes,18,Yes,DSL,Month-to-month,Mailed check,No,Yes,Yes,Yes,83.57,1594.66,0
CUST00959,Male,0,Yes,Yes,34,Yes,Fiber optic,Month-to-month,Electronic check,No,No,Yes,Yes,79.86,2454.23,0
CUST00960,Female,0,Yes,No,26,Yes,Fiber optic,Two year,Credit card,No,No,No,Yes,82.27,2126.98,0
CUST00961,Female,1,No,No,12,Yes,DSL,Two year,Electronic check,No,No,No internet service,Yes,59.09,656.66,0
CUST00962,Female,0,Yes,No,30,Yes,Fiber optic,Month-to-month,Credit card,No,No internet service,No internet service,No,81.12,2195.29,0
CUST00963,Male,1,No,No,67,Yes,DSL,Two year,Electronic check,No,No internet service,No,Yes,65.44,4347.09,0
CUST00964,Female,0,No,No,38,Yes,DSL,Month-to-month,Credit card,No,No internet service,No,Yes,62.14,2245.69,0
CUST00965,Male,1,No,No,10,Yes,Fiber optic,Two year,Bank transfer,No internet service,No internet service,No,Yes,59.67,577.82,0
CUST00966,Male,0,Yes,Yes,42,Yes,Fiber optic,One year,Credit card,Yes,No,No,Yes,80.75,3204.96,0
CUST00967,Male,0,Yes,No,22,Yes,DSL,One year,Credit card,No internet service,No internet service,Yes,No,70.03,1374.56,0
CUST00968,Female,1,No,No,72,Yes,DSL,One year,Bank transfer,Yes,No internet service,Yes,Yes,72.62,5745.1,0
CUST00969,Male,1,No,Yes,40,Yes,DSL,One year,Electronic check,No internet service,No,Yes,No,69.51,2755.12,0
CUST00970,Female,0,Yes,Yes,17,Yes,Fiber optic,Two year,Mailed check,No,Yes,Yes,Yes,91.89,1373.18,0
CUST00971,Female,0,Yes,Yes,44,Yes,Fiber optic,Month-to-month,Electronic check,Yes,Yes,Yes,No,98.41,4298.6,0
CUST00972,Female,0,No,Yes,32,Yes,DSL,Two year,Credit card,No,No,No internet service,No,55.21,1919.54,0
CUST00973,Female,0,Yes,No,63,Yes,Fiber optic,Month-to-month,Credit card,No internet service,No,Yes,Yes,83.74,5524.16,0
CUST00974,Female,0,No,Yes,18,Yes,No,Month-to-month,Electronic check,No internet service,No,No internet service,No,18.78,319.0,0
CUST00975,Female,1,Yes,No,40,Yes,Fiber optic,One year,Bank transfer,No,No internet service,No internet service,Yes,76.61,2896.99,0
CUST00976,Female,0,Yes,Yes,7,Yes,Fiber optic,One year,Electronic check,No,No,No,Yes,74.01,473.0,0
CUST00977,Female,0,No,Yes,29,Yes,Fiber optic,Two year,Bank transfer,No,Yes,No,Yes,74.95,2017.15,0
CUST00978,Male,0,Yes,No,10,Yes,No,Month-to-month,Bank transfer,No,Yes,No,Yes,33.75,315.14,0
CUST00979,Female,0,No,Yes,31,Yes,No,Month-to-month,Mailed check,No,No,Yes,No,28.45,773.67,0
CUST00980,Male,0,Yes,No,36,Yes,DSL,Month-to-month,Credit card,No,No,No,No,55.98,1912.34,0
CUST00981,Male,0,Yes,No,38,Yes,DSL,Two year,Electronic check,No internet service,No internet service,No,Yes,61.84,2359.5,0
CUST00982,Male,0,No,Yes,18,Yes,DSL,Two year,Credit card,No,No internet service,No,No,61.15,1046.79,0
CUST00983,Male,0,Yes,Yes,30,Yes,Fiber optic,Two year,Bank transfer,No,No,No internet service,Yes,56.64,1691.07,0
CUST00984,Male,1,Yes,No,58,Yes,DSL,Month-to-month,Electronic check,No,No,No,Yes,61.96,3929.82,0
CUST00985,Male,0,No,No,72,Yes,No,Two year,Mailed check,No,No internet service,No,No,22.57,1801.35,0
CUST00986,Male,1,No,No,31,Yes,DSL,Month-to-month,Electronic check,Yes,No internet service,Yes,Yes,63.69,1925.51,1
CUST00987,Male,0,No,No,59,Yes,Fiber optic,Two year,Bank transfer,No,No,No internet service,No,62.98,3870.45,0
CUST00988,Female,0,Yes,No,13,Yes,DSL,One year,Credit card,No,No internet service,No internet service,Yes,58.64,738.18,0
CUST00989,Female,0,Yes,No,21,Yes,Fiber optic,Month-to-month,Electronic check,No,No,No,Yes,67.82,1347.1,0
CUST00990,Male,0,No,No,33,No,Fiber optic,One year,Electronic check,No,Yes,No,Yes,90.19,2684.07,1
CUST00991,Female,0,Yes,No,26,Yes,Fiber optic,Two year,Mailed check,No,No,No,Yes,58.0,1486.98,0
CUST00992,Male,0,Yes,Yes,24,Yes,Fiber optic,Month-to-month,Electronic check,No,No,Yes,Yes,72.29,1831.96,0
CUST00993,Female,0,No,No,55,Yes,Fiber optic,Month-to-month,Electronic check,No internet service,No internet service,No internet service,Yes,63.75,3123.33,1
CUST00994,Female,0,Yes,No,12,Yes,Fiber optic,One year,Bank transfer,No internet service,Yes,No,Yes,82.07,945.35,0
CUST00995,Male,0,Yes,No,13,No,No,Two year,Mailed check,Yes,No,No,No,34.39,427.63,0
CUST00996,Male,0,Yes,No,9,Yes,No,One year,Credit card,No,No,No,Yes,29.02,260.47,0
CUST00997,Male,0,Yes,No,34,Yes,Fiber optic,Month-to-month,Mailed check,No internet service,No internet service,No,Yes,63.24,2146.71,1
CUST00998,Female,0,No,Yes,22,Yes,Fiber optic,One year,Bank transfer,No,No,Yes,Yes,76.57,1714.2,1
CUST00999,Male,0,No,No,51,Yes,No,Month-to-month,Mailed check,No,Yes,No,Yes,26.53,1505.64,0
CUST01000,Male,0,Yes,No,32,Yes,Fiber optic,Month-to-month,Electronic check,No internet service,No internet service,Yes,Yes,84.06,2472.21,0
CUST01001,Male,0,Yes,No,18,Yes,No,Month-to-month,Mailed check,No,No,Yes,Yes,29.4,484.33,0
CUST01002,Male,0,No,No,16,Yes,No,Month-to-month,Bank transfer,No internet service,No internet service,Yes,Yes,21.7,346.27,1
CUST01003,Male,0,Yes,No,2,Yes,DSL,Month-to-month,Credit card,No internet service,No internet service,No,No,63.68,137.76,0
CUST01004,Male,0,No,No,25,Yes,DSL,Month-to-month,Electronic check,Yes,Yes,No internet service,Yes,77.11,1691.86,1
CUST01005,Female,1,No,No,10,Yes,Fiber optic,Month-to-month,Mailed check,No,No internet service,Yes,Yes,78.57,788.21,0
CUST01006,Male,0,No,Yes,56,Yes,Fiber optic,One year,Bank transfer,No internet service,No,No,No,72.96,3946.46,0
CUST01007,Male,1,Yes,No,21,Yes,Fiber optic,Month-to-month,Electronic check,No,No internet service,No,Yes,59.95,1309.06,1
CUST01008,Male,0,No,No,7,Yes,No,Month-to-month,Credit card,Yes,Yes,No internet service,Yes,18.0,129.02,0
CUST01009,Male,0,Yes,No,63,No,Fiber optic,Month-to-month,Electronic check,Yes,No internet service,No,Yes,57.21,3544.39,0
CUST01010,Male,0,No,Yes,25,Yes,Fiber optic,One year,Credit card,No,No,No internet service,Yes,71.64,1816.3,0
CUST01011,Female,0,No,No,42,Yes,Fiber optic,Two year,Mailed check,No,Yes,No,No,77.54,3041.48,0
CUST01012,Male,1,No,No,18,Yes,DSL,Month-to-month,Electronic check,No internet service,No internet service,No,Yes,63.37,1181.74,1
CUST01013,Female,0,No,No,65,Yes,Fiber optic,One year,Bank transfer,No,No,No,No,70.42,4930.01,0
CUST01014,Female,0,No,Yes,14,Yes,No,Two year,Electronic check,No,Yes,Yes,Yes,48.9,675.71,0
CUST01015,Male,0,Yes,No,22,Yes,DSL,One year,Bank transfer,Yes,No internet service,No,No,65.98,1381.08,0
CUST01016,Male,0,Yes,Yes,5,Yes,No,Month-to-month,Credit card,No internet service,No,No,Yes,22.42,108.72,0
CUST01017,Female,0,No,No,64,Yes,No,Month-to-month,Bank transfer,No,No,No,No,18.0,1192.64,0
CUST01018,Female,0,No,No,16,Yes,DSL,Month-to-month,Electronic check,No,No internet service,No,Yes,43.67,682.7,1
CUST01019,Female,0,Yes,No,35,Yes,No,Month-to-month,Mailed check,No,No,No,Yes,36.47,1143.73,0
CUST01020,Female,1,No,No,38,Yes,Fiber optic,Month-to-month,Mailed check,Yes,Yes,No,Yes,72.46,2881.92,1
CUST01021,Female,0,No,No,57,Yes,Fiber optic,Two year,Bank transfer,Yes,No,Yes,No,68.03,3533.38,0
CUST01022,Female,0,Yes,No,33,Yes,DSL,Month-to-month,Bank transfer,No internet service,No,No,Yes,60.04,2000.57,0
CUST01023,Male,0,Yes,Yes,26,Yes,DSL,Month-to-month,Mailed check,Yes,Yes,No,Yes,55.1,1216.79,0
CUST01024,Male,1,Yes,Yes,53,Yes,Fiber optic,Two year,Bank transfer,No internet service,No,Yes,No,81.03,4241.21,0
CUST01025,Male,1,Yes,No,38,Yes,DSL,One year,Bank transfer,No,No,No internet service,No,56.31,2086.75,0
CUST01026,Female,0,Yes,No,23,Yes,DSL,Month-to-month,Bank transfer,No,Yes,Yes,No,82.39,1596.14,0
CUST01027,Female,0,Yes,No,65,Yes,No,Two year,Electronic check,No,No,Yes,Yes,39.69,2588.36,0
CUST01028,Female,0,Yes,No,40,Yes,Fiber optic,Month-to-month,Mailed check,Yes,No internet service,No,Yes,80.83,2919.27,0
CUST01029,Male,1,Yes,No,9,Yes,Fiber optic,Month-to-month,Mailed check,No,No,Yes,No,81.65,724.51,1
CUST01030,Female,0,No,No,72,Yes,No,Month-to-month,Credit card,No,Yes,No,Yes,26.13,1789.51,0
CUST01031,Female,0,Yes,No,18,Yes,DSL,Month-to-month,Credit card,No,No internet service,Yes,No,58.7,925.96,0
CUST01032,Female,0,No,Yes,57,Yes,DSL,Two year,Credit card,No,No,Yes,No,62.75,3243.39,0
CUST01033,Male,0,No,Yes,7,Yes,Fiber optic,Month-to-month,Electronic check,No,No internet service,No,No,87.95,561.72,1
CUST01034,Female,0,No,Yes,53,Yes,Fiber optic,Two year,Bank transfer,No,No internet service,No,Yes,70.01,3891.49,0
CUST01035,Female,0,No,No,10,Yes,DSL,Month-to-month,Credit card,No,No,No,Yes,60.29,626.12,0
CUST01036,Male,0,No,No,32,Yes,No,Two year,Electronic check,Yes,No,Yes,No,45.15,1637.85,0
CUST01037,Male,1,Yes,No,39,Yes,DSL,Month-to-month,Electronic check,No,Yes,No,No,69.04,2542.23,0
CUST01038,Female,0,No,Yes,24,Yes,Fiber optic,Two year,Electronic check,Yes,Yes,No,No,74.01,1673.07,1
CUST01039,Female,0,Yes,No,28,Yes,Fiber optic,Month-to-month,Bank transfer,Yes,Yes,Yes,Yes,93.84,2599.78,0
CUST01040,Male,0,No,Yes,12,Yes,Fiber optic,Two year,Mailed check,Yes,No,No,Yes,68.57,785.92,0
CUST01041,Male,1,No,No,49,Yes,DSL,Two year,Electronic check,No,No,No,No,61.31,2821.6,0
CUST01042,Male,0,Yes,Yes,33,Yes,DSL,One year,Mailed check,Yes,No internet service,No internet service,No,63.1,2048.59,0
CUST01043,Female,0,Yes,No,14,Yes,No,Month-to-month,Bank transfer,No internet service,Yes,No internet service,Yes,29.05,418.6,0
CUST01044,Female,0,No,Yes,34,Yes,No,One year,Credit card,No,No,No,Yes,26.49,749.48,0
CUST01045,Male,0,Yes,No,35,Yes,Fiber optic,One year,Bank transfer,Yes,Yes,Yes,Yes,100.8,3316.13,0
CUST01046,Female,0,Yes,No,29,Yes,DSL,One year,Credit card,No,Yes,No,Yes,61.99,1585.23,0
CUST01047,Female,0,Yes,No,2,Yes,Fiber optic,One year,Bank transfer,Yes,No internet service,No,Yes,82.54,160.0,0
CUST01048,Male,0,Yes,Yes,21,Yes,DSL,Two year,Credit card,Yes,No,No internet service,No,54.28,1151.6,0
CUST01049,Male,0,No,No,49,Yes,DSL,Two year,Mailed check,No internet service,No,No,No,73.42,3806.91,0
CUST01050,Female,0,No,No,40,Yes,DSL,Month-to-month,Credit card,No,No,Yes,Yes,60.16,2285.21,0
CUST01051,Male,1,Yes,No,40,Yes,DSL,Month-to-month,Credit card,Yes,No,No internet service,No,55.85,2205.94,1
CUST01052,Female,0,Yes,No,33,Yes,DSL,Month-to-month,Bank transfer,No internet service,No internet service,No internet service,Yes,71.07,2022.25,0
CUST01053,Male,0,Yes,No,53,No,DSL,One year,Mailed check,No internet service,No,Yes,No,79.42,3871.54,0
CUST01054,Male,0,Yes,No,18,Yes,No,Two year,Electronic check,No,No,No,No,31.55,564.78,0
CUST01055,Female,0,No,No,15,Yes,Fiber optic,Month-to-month,Electronic check,No,Yes,No,Yes,71.35,947.03,0
CUST01056,Male,0,No,No,72,Yes,Fiber optic,Month-to-month,Electronic check,No internet service,No,No,No,72.66,5579.89,0
CUST01057,Female,0,Yes,Yes,16,Yes,DSL,Month-to-month,Electronic check,No,No,No internet service,Yes,59.01,959.88,0
CUST01058,Male,0,No,No,9,Yes,No,Month-to-month,Mailed check,No,Yes,Yes,No,34.15,281.74,0
CUST01059,Female,0,Yes,Yes,23,Yes,DSL,Two year,Electronic check,No internet service,No,Yes,No,72.57,1462.56,0
CUST01060,Female,1,No,No,30,No,DSL,One year,Credit card,No,No,Yes,No,60.79,1695.4,0
CUST01061,Male,1,No,No,53,Yes,Fiber optic,Month-to-month,Bank transfer,No,Yes,No internet service,Yes,69.68,3386.69,0
CUST01062,Male,0,No,Yes,21,Yes,Fiber optic,Month-to-month,Credit card,Yes,No internet service,Yes,Yes,67.03,1259.56,0
CUST01063,Female,0,No,No,21,Yes,No,Month-to-month,Mailed check,No,Yes,No,Yes,46.7,864.51,0
CUST01064,Male,0,No,No,28,Yes,Fiber optic,One year,Electronic check,Yes,No internet service,No internet service,Yes,67.92,1833.05,1
CUST01065,Male,0,Yes,No,18,Yes,Fiber optic,One year,Electronic check,Yes,No,No internet service,Yes,68.08,1263.75,0
CUST01066,Female,0,Yes,Yes,8,Yes,DSL,Month-to-month,Credit card,No,Yes,Yes,Yes,66.75,496.74,0
CUST01067,Male,0,Yes,No,10,Yes,Fiber optic,Month-to-month,Electronic check,No internet service,Yes,Yes,Yes,98.94,1000.42,0
CUST01068,Male,0,No,No,62,Yes,Fiber optic,Two year,Bank transfer,Yes,No,No internet service,Yes,60.96,3617.22,0
CUST01069,Female,0,No,No,45,Yes,DSL,Two year,Electronic check,No,No,No,Yes,49.37,2272.44,0
CUST01070,Female,1,No,No,27,Yes,DSL,One year,Mailed check,No internet service,No,Yes,No,64.43,1609.05,0
CUST01071,Male,0,No,Yes,40,Yes,No,Month-to-month,Electronic check,No,No,Yes,Yes,32.83,1312.77,0
CUST01072,Female,0,Yes,Yes,46,Yes,DSL,Two year,Mailed check,No,Yes,No internet service,No,72.27,3285.89,0
CUST01073,Male,0,No,No,17,Yes,DSL,One year,Electronic check,No,No internet service,No internet service,No,53.6,979.87,0
CUST01074,Male,0,No,No,12,Yes,No,Two year,Credit card,No,No internet service,No,Yes,37.35,456.77,0
CUST01075,Female,0,Yes,No,58,Yes,Fiber optic,Month-to-month,Electronic check,Yes,No,No,Yes,66.65,3857.66,0
CUST01076,Female,1,Yes,No,3,Yes,Fiber optic,Month-to-month,Electronic check,No,No internet service,No,No,63.93,168.22,1
CUST01077,Male,0,Yes,No,41,Yes,Fiber optic,Month-to-month,Electronic check,No,No,Yes,Yes,71.17,2752.32,1
CUST01078,Female,0,Yes,No,32,Yes,DSL,Two year,Credit card,Yes,No,No internet service,Yes,52.81,1561.44,0
CUST01079,Female,0,No,Yes,54,Yes,No,One year,Bank transfer,Yes,No,Yes,No,23.65,1178.06,0
CUST01080,Male,0,No,No,42,Yes,DSL,Month-to-month,Bank transfer,No,Yes,Yes,No,81.01,3338.06,0
CUST01081,Male,0,No,Yes,40,Yes,No,Two year,Mailed check,No,Yes,No,Yes,24.99,996.46,0
CUST01082,Male,0,Yes,No,13,No,DSL,Two year,Credit card,No,No,Yes,Yes,65.94,856.87,0
CUST01083,Male,0,No,No,48,Yes,Fiber optic,Month-to-month,Electronic check,No,No internet service,No,No,63.76,3269.51,0
CUST01084,Male,0,No,No,37,Yes,Fiber optic,One year,Credit card,No,No,No,Yes,62.6,2348.28,0
CUST01085,Female,0,Yes,No,14,Yes,DSL,One year,Credit card,Yes,Yes,No,No,75.85,949.39,0
CUST01086,Male,0,No,No,32,Yes,Fiber optic,Month-to-month,Electronic check,No internet service,Yes,No,Yes,92.82,2952.95,0
CUST01087,Male,1,Yes,No,11,Yes,No,One year,Electronic check,No internet service,No,Yes,Yes,43.15,484.57,1
CUST01088,Male,0,Yes,No,25,No,DSL,Month-to-month,Mailed check,No,No,No,Yes,47.23,1261.46,0
CUST01089,Male,0,Yes,Yes,72,Yes,No,Two year,Electronic check,No,Yes,No,No,22.34,1558.95,0
CUST01090,Female,0,Yes,No,12,Yes,DSL,Two year,Electronic check,No,Yes,No,Yes,82.83,964.03,0
CUST01091,Male,0,No,No,7,Yes,Fiber optic,Two year,Mailed check,No internet service,No,Yes,No,77.97,576.09,0
CUST01092,Female,0,Yes,Yes,10,Yes,Fiber optic,One year,Electronic check,No,Yes,No internet service,No,69.0,684.83,0
CUST01093,Male,0,Yes,No,24,Yes,Fiber optic,Month-to-month,Bank transfer,No,No,Yes,No,88.66,1847.2,0
CUST01094,Female,0,Yes,Yes,44,Yes,Fiber optic,Month-to-month,Mailed check,No internet service,No,Yes,No,80.54,3023.18,0
CUST01095,Female,0,Yes,No,29,Yes,Fiber optic,One year,Bank transfer,No,Yes,Yes,Yes,92.56,2976.43,0
CUST01096,Female,0,Yes,No,8,Yes,Fiber optic,Month-to-month,Mailed check,Yes,No,No,Yes,54.1,372.22,0
CUST01097,Male,1,Yes,No,44,Yes,Fiber optic,One year,Mailed check,No,Yes,Yes,Yes,85.39,3638.04,0
CUST01098,Male,0,No,No,4,Yes,Fiber optic,Month-to-month,Mailed check,No internet service,No,Yes,Yes,87.59,365.01,1
CUST01099,Female,0,Yes,Yes,9,Yes,Fiber optic,Month-to-month,Credit card,No,No internet service,No,Yes,66.88,515.53,0
CUST01100,Female,0,No,Yes,18,Yes,DSL,Month-to-month,Mailed check,No,No,No,No,68.88,1121.18,0
CUST01101,Female,0,Yes,Yes,57,No,DSL,One year,Bank transfer,No,Yes,Yes,No,64.47,3280.59,0
CUST01102,Female,1,No,Yes,30,Yes,Fiber optic,Month-to-month,Credit card,No,Yes,No,Yes,79.1,2624.73,1
CUST01103,Male,0,No,No,30,Yes,No,One year,Bank transfer,No internet service,Yes,No,Yes,46.16,1552.74,0
CUST01104,Female,0,Yes,No,9,Yes,DSL,Month-to-month,Electronic check,No,No internet service,Yes,No,57.79,482.98,0
CUST01105,Female,0,Yes,No,19,Yes,Fiber optic,Two year,Electronic check,No,No,Yes,No,82.17,1593.34,1
CUST01106,Female,0,No,No,51,Yes,DSL,One year,Bank transfer,No internet service,No,No,No,63.68,3252.76,0
CUST01107,Female,0,Yes,No,36,Yes,Fiber optic,One year,Bank transfer,Yes,Yes,No internet service,Yes,80.73,2791.03,0
CUST01108,Male,0,No,Yes,45,Yes,Fiber optic,Month-to-month,Bank transfer,Yes,No internet service,No,Yes,70.0,2728.3,0
CUST01109,Male,1,Yes,Yes,27,No,Fiber optic,Month-to-month,Bank transfer,No internet service,No internet service,No,No,64.99,2003.06,0
CUST01110,Female,0,Yes,No,52,Yes,Fiber optic,Month-to-month,Electronic check,No,Yes,No internet service,Yes,81.57,3617.61,1
CUST01111,Male,0,No,No,9,Yes,Fiber optic,One year,Bank transfer,No,No,No,No,71.18,637.32,1
CUST01112,Female,0,No,No,24,Yes,DSL,Month-to-month,Bank transfer,Yes,No,No,Yes,47.51,1065.75,1
CUST01113,Female,0,Yes,No,40,Yes,Fiber optic,Two year,Credit card,Yes,No,No internet service,Yes,80.8,3395.42,0
CUST01114,Female,1,No,No,6,Yes,DSL,Two year,Bank transfer,Yes,No,No,No,51.72,322.49,0
CUST01115,Female,0,No,Yes,2,Yes,No,Month-to-month,Mailed check,No,Yes,No,No,21.72,39.59,0
CUST01116,Female,0,Yes,Yes,72,Yes,No,Two year,Bank transfer,No,No,No,Yes,20.23,1346.87,0
CUST01117,Male,0,Yes,Yes,30,Yes,DSL,One year,Bank transfer,Yes,No,No internet service,No,51.86,1355.86,0
CUST01118,Male,0,Yes,No,5,Yes,DSL,Month-to-month,Electronic check,No,No,Yes,No,64.93,322.58,0
CUST01119,Male,0,Yes,No,29,Yes,Fiber optic,One year,Mailed check,No internet service,No,No,No,62.06,1853.3,1
CUST01120,Female,0,No,No,10,Yes,No,Two year,Electronic check,No internet service,Yes,No,No,36.58,347.17,0
CUST01121,Female,0,Yes,Yes,13,Yes,DSL,Month-to-month,Electronic check,No internet service,No,No internet service,No,70.05,876.83,0
CUST01122,Female,0,Yes,No,58,Yes,Fiber optic,Month-to-month,Bank transfer,No,No internet service,Yes,No,80.85,5221.77,0
CUST01123,Female,0,No,No,18,Yes,Fiber optic,One year,Mailed check,No,No,Yes,Yes,68.45,1288.21,0
CUST01124,Female,0,No,No,18,Yes,Fiber optic,Month-to-month,Bank transfer,No,No internet service,No,No,64.69,1250.99,0
CUST01125,Male,0,No,No,9,Yes,Fiber optic,One year,Mailed check,Yes,No,Yes,No,81.77,605.71,1
CUST01126,Male,0,No,Yes,21,No,DSL,One year,Credit card,No internet service,No,No,No,43.26,925.09,0
CUST01127,Male,1,Yes,Yes,31,Yes,No,Two year,Bank transfer,No,No,No,Yes,18.0,556.66,0
CUST01128,Male,0,No,No,18,Yes,DSL,Month-to-month,Bank transfer,No,Yes,No internet service,Yes,53.82,864.48,1
CUST01129,Male,0,Yes,No,72,Yes,No,Month-to-month,Mailed check,No,No internet service,No,No,25.92,1692.54,0
CUST01130,Male,0,Yes,No,11,Yes,DSL,Two year,Credit card,Yes,No,No,No,76.3,809.68,0
CUST01131,Female,1,Yes,No,11,Yes,Fiber optic,Month-to-month,Mailed check,No internet service,No internet service,No internet service,Yes,61.91,603.42,1
CUST01132,Male,0,No,No,21,Yes,Fiber optic,Month-to-month,Credit card,Yes,No,Yes,No,86.53,1679.19,0
CUST01133,Male,0,No,No,72,Yes,Fiber optic,Month-to-month,Mailed check,Yes,No,No,Yes,67.49,4605.08,0
CUST01134,Male,0,Yes,Yes,45,Yes,DSL,Month-to-month,Electronic check,No,Yes,No,Yes,56.44,2590.97,1
CUST01135,Male,0,No,Yes,18,Yes,Fiber optic,Month-to-month,Bank transfer,No,No,Yes,No,92.51,1549.49,0
CUST01136,Female,0,No,No,18,Yes,DSL,Month-to-month,Mailed check,Yes,No,Yes,No,84.28,1439.21,0
CUST01137,Male,1,Yes,No,11,Yes,Fiber optic,One year,Electronic check,No,No internet service,No,Yes,75.29,871.01,0
CUST01138,Female,0,No,Yes,20,Yes,No,One year,Mailed check,No internet service,No internet service,No,No,27.9,477.93,0
CUST01139,Male,0,Yes,Yes,23,Yes,Fiber optic,Two year,Electronic check,No internet service,No,No,No,72.5,1660.68,0
CUST01140,Male,0,No,Yes,44,No,Fiber optic,Two year,Credit card,No,No,Yes,No,78.81,3492.81,0
CUST01141,Male,0,Yes,Yes,38,Yes,Fiber optic,Month-to-month,Bank transfer,No internet service,Yes,Yes,No,90.72,3479.0,0
CUST01142,Female,0,Yes,Yes,20,Yes,Fiber optic,Month-to-month,Electronic check,No,No,No internet service,Yes,77.41,1462.9,0
CUST01143,Male,0,Yes,Yes,71,Yes,No,Two year,Bank transfer,No,No internet service,Yes,Yes,46.31,2977.16,0
CUST01144,Male,0,Yes,No,16,Yes,Fiber optic,Month-to-month,Bank transfer,No,No,No internet service,Yes,67.82,1178.84,0
CUST01145,Female,0,No,No,7,Yes,No,Month-to-month,Bank transfer,No internet service,No,No,Yes,26.02,167.58,0
CUST01146,Female,1,No,No,32,Yes,No,Month-to-month,Bank transfer,No,No internet service,No,Yes,24.29,700.96,0
CUST01147,Male,0,Yes,No,55,Yes,Fiber optic,One year,Electronic check,No,Yes,No,Yes,88.19,4760.3,0
CUST01148,Male,0,No,No,27,Yes,Fiber optic,Month-to-month,Electronic check,Yes,No internet service,No internet service,Yes,91.2,2285.75,0
CUST01149,Male,0,No,No,9,Yes,Fiber optic,Month-to-month,Bank transfer,No internet service,No,No internet service,No,80.47,763.02,0
CUST01150,Male,0,No,No,31,Yes,Fiber optic,Month-to-month,Bank transfer,Yes,Yes,No,Yes,86.39,2574.82,0
CUST01151,Female,0,No,No,33,Yes,DSL,One year,Bank transfer,No,No,No,Yes,66.26,2323.53,0
CUST01152,Male,0,Yes,Yes,36,Yes,DSL,Month-to-month,Electronic check,No,Yes,No,Yes,77.14,2808.74,1
CUST01153,Female,0,Yes,No,31,Yes,DSL,One year,Credit card,Yes,No,Yes,Yes,86.32,2549.68,0
CUST01154,Male,1,No,No,60,Yes,Fiber optic,Month-to-month,Mailed check,No,No,No internet service,No,58.52,3714.78,0
CUST01155,Female,0,No,No,11,Yes,Fiber optic,Month-to-month,Bank transfer,No,Yes,Yes,No,92.8,953.88,1
CUST01156,Male,0,No,Yes,1,Yes,DSL,Month-to-month,Electronic check,No internet service,No,No,No,38.35,36.72,0
CUST01157,Female,0,No,No,5,Yes,Fiber optic,Month-to-month,Bank transfer,No,No,No,No,79.61,404.83,0
CUST01158,Male,0,Yes,No,9,Yes,Fiber optic,Month-to-month,Credit card,Yes,Yes,No,No,84.41,756.55,0
CUST01159,Female,0,No,No,49,Yes,No,Two year,Electronic check,Yes,No internet service,No,No,20.63,942.98,0
CUST01160,Female,1,Yes,Yes,21,Yes,DSL,Month-to-month,Bank transfer,No,Yes,No,Yes,45.64,836.2,0
CUST01161,Male,0,Yes,No,72,Yes,DSL,Two year,Bank transfer,No,No,Yes,Yes,66.88,4712.77,0
CUST01162,Female,1,Yes,No,10,Yes,Fiber optic,Month-to-month,Electronic check,No,No,Yes,No,81.78,759.82,0
CUST01163,Male,0,Yes,Yes,72,Yes,Fiber optic,Month-to-month,Electronic check,Yes,Yes,Yes,No,87.5,6187.07,0
CUST01164,Male,0,No,No,13,Yes,DSL,One year,Bank transfer,No internet service,No internet service,No internet service,No,54.03,667.64,0
CUST01165,Male,0,Yes,No,23,Yes,DSL,Two year,Electronic check,Yes,No,Yes,Yes,59.83,1279.45,0
CUST01166,Female,0,No,No,6,Yes,No,Month-to-month,Electronic check,No,Yes,No internet service,No,32.59,187.96,0
CUST01167,Female,0,No,Yes,67,Yes,Fiber optic,Month-to-month,Credit card,No internet service,No,Yes,Yes,73.58,4805.92,0
CUST01168,Female,0,No,No,26,No,DSL,One year,Bank transfer,No,No,No internet service,No,65.47,1750.99,0
CUST01169,Male,0,No,No,72,Yes,Fiber optic,Month-to-month,Bank transfer,No,Yes,No,Yes,79.37,5769.63,0
CUST01170,Male,1,Yes,Yes,57,Yes,DSL,One year,Bank transfer,No internet service,No,No internet service,Yes,45.2,2902.6,1
CUST01171,Male,0,Yes,Yes,23,Yes,Fiber optic,Two year,Mailed check,No,No,No,Yes,73.41,1671.38,0
CUST01172,Male,0,Yes,Yes,15,Yes,Fiber optic,Month-to-month,Bank transfer,Yes,No,No,Yes,75.31,1053.84,0
CUST01173,Female,0,Yes,Yes,50,Yes,DSL,Two year,Electronic check,Yes,No,No,Yes,71.94,3483.19,0
CUST01174,Female,0,No,No,28,Yes,DSL,Month-to-month,Electronic check,No internet service,No,Yes,No,74.43,2125.27,0
CUST01175,Female,1,Yes,No,14,Yes,No,Two year,Bank transfer,No,Yes,No internet service,Yes,25.81,379.49,0
CUST01176,Female,0,Yes,Yes,30,Yes,No,Two year,Credit card,No internet service,Yes,No,Yes,44.41,1430.76,0
CUST01177,Female,0,Yes,No,4,Yes,DSL,One year,Mailed check,Yes,No,Yes,Yes,55.91,203.25,0
CUST01178,Female,0,No,Yes,36,Yes,Fiber optic,Two year,Credit card,Yes,No,Yes,No,80.23,3089.44,0
CUST01179,Female,0,No,No,41,Yes,DSL,Two year,Bank transfer,No internet service,Yes,No,Yes,73.03,2924.7,0
CUST01180,Female,0,Yes,No,10,No,No,Month-to-month,Mailed check,No internet service,Yes,No internet service,Yes,44.67,408.78,0
CUST01181,Male,0,No,No,61,Yes,No,Month-to-month,Mailed check,Yes,No,No internet service,No,40.11,2362.87,0
CUST01182,Male,0,No,No,53,Yes,Fiber optic,Month-to-month,Electronic check,Yes,No,Yes,Yes,90.2,5090.16,0
CUST01183,Male,0,No,No,34,Yes,Fiber optic,Month-to-month,Bank transfer,No,No,No,No,70.91,2439.89,0
CUST01184,Female,0,Yes,Yes,12,Yes,Fiber optic,One year,Electronic check,No,No,Yes,Yes,84.64,909.19,1
CUST01185,Female,0,No,Yes,43,Yes,DSL,Month-to-month,Mailed check,No,No,No,No,60.8,2341.67,0
CUST01186,Female,1,Yes,No,20,Yes,Fiber optic,One year,Electronic check,Yes,Yes,No internet service,No,74.32,1328.45,0
CUST01187,Female,0,Yes,Yes,32,Yes,DSL,Month-to-month,Credit card,No internet service,No,Yes,Yes,66.07,1963.69,0
CUST01188,Male,0,No,No,46,Yes,Fiber optic,Month-to-month,Mailed check,Yes,Yes,No,No,94.38,4278.19,0
CUST01189,Male,0,No,Yes,7,Yes,Fiber optic,Month-to-month,Mailed check,No,No internet service,Yes,Yes,85.17,537.27,1
CUST01190,Female,0,Yes,No,5,Yes,DSL,Two year,Mailed check,No,Yes,Yes,Yes,91.47,434.49,0
CUST01191,Female,1,No,No,19,Yes,Fiber optic,Month-to-month,Electronic check,Yes,No,Yes,No,71.34,1461.38,1
CUST01192,Female,0,Yes,No,72,Yes,No,Month-to-month,Mailed check,No,No,Yes,No,29.95,2357.48,1
CUST01193,Female,0,No,No,72,Yes,Fiber optic,Month-to-month,Bank transfer,No,No,No,Yes,75.32,5903.16,0
CUST01194,Male,0,No,Yes,36,Yes,Fiber optic,Two year,Bank transfer,No,No internet service,No internet service,No,77.94,2397.19,0
CUST01195,Male,0,No,Yes,54,Yes,No,Month-to-month,Mailed check,No,No,Yes,Yes,32.07,1900.04,0
CUST01196,Male,0,No,No,27,Yes,DSL,One year,Credit card,Yes,Yes,No internet service,Yes,73.4,1954.88,0
CUST01197,Male,0,No,No,30,Yes,Fiber optic,Month-to-month,Electronic check,No internet service,No,No,Yes,78.34,2316.02,1
CUST01198,Male,0,No,No,23,Yes,Fiber optic,Month-to-month,Credit card,No,No,Yes,No,68.9,1667.14,0
CUST01199,Male,0,No,No,58,Yes,DSL,One year,Electronic check,No,No internet service,Yes,No,73.03,4359.6,0
CUST01200,Male,0,No,No,72,Yes,No,One year,Credit card,Yes,No,Yes,Yes,41.59,2542.89,0
CUST01201,Male,0,Yes,Yes,29,Yes,Fiber optic,One year,Credit card,No,No,No internet service,No,74.37,2021.13,0
CUST01202,Female,0,No,No,29,Yes,DSL,Month-to-month,Credit card,No internet service,Yes,No,No,52.28,1446.95,0
CUST01203,Male,0,Yes,No,24,Yes,DSL,Two year,Electronic check,No,No internet service,Yes,Yes,64.79,1379.07,0
CUST01204,Male,0,No,No,72,Yes,No,One year,Mailed check,No internet service,No,Yes,Yes,36.5,2758.88,0
CUST01205,Male,0,Yes,No,49,Yes,No,Two year,Credit card,Yes,Yes,Yes,No,34.07,1804.19,0
CUST01206,Male,0,Yes,No,12,Yes,DSL,Month-to-month,Mailed check,No internet service,No,No,Yes,66.35,779.69,0
CUST01207,Male,0,No,No,72,Yes,Fiber optic,Month-to-month,Mailed check,No,No,Yes,Yes,85.84,6186.05,0
CUST01208,Male,0,Yes,No,2,Yes,DSL,Month-to-month,Mailed check,No,Yes,No,Yes,68.08,133.33,0
CUST01209,Female,0,Yes,Yes,71,Yes,Fiber optic,One year,Electronic check,No,No,No,Yes,72.14,5055.05,0
CUST01210,Male,0,No,No,55,Yes,Fiber optic,One year,Mailed check,Yes,No,No,Yes,73.54,4280.25,0
CUST01211,Male,1,Yes,No,29,Yes,DSL,Month-to-month,Electronic check,No,Yes,Yes,No,74.97,1861.96,1
CUST01212,Male,0,Yes,No,29,Yes,Fiber optic,Month-to-month,Bank transfer,Yes,No internet service,No,No,61.72,1814.99,0
CUST01213,Female,0,No,Yes,25,Yes,No,Month-to-month,Mailed check,No,No internet service,No,No,21.56,528.67,0
CUST01214,Male,0,Yes,No,13,No,Fiber optic,Month-to-month,Electronic check,No,Yes,No internet service,No,80.58,974.27,1
CUST01215,Female,0,Yes,No,72,Yes,DSL,Two year,Electronic check,No,No,No,Yes,70.35,4785.43,0
CUST01216,Female,0,Yes,Yes,28,Yes,No,Month-to-month,Credit card,No,No internet service,No,Yes,30.54,947.7,0
CUST01217,Male,0,Yes,Yes,12,Yes,DSL,Month-to-month,Mailed check,No,No,Yes,Yes,78.78,838.61,0
CUST01218,Male,0,Yes,Yes,72,Yes,Fiber optic,Month-to-month,Bank transfer,No internet service,No internet service,No,No,60.76,4235.61,0
CUST01219,Male,0,Yes,No,39,Yes,Fiber optic,Month-to-month,Bank transfer,No,Yes,No,Yes,77.15,3291.87,0
CUST01220,Female,0,No,No,40,Yes,DSL,Two year,Bank transfer,No,No,No,Yes,75.59,2694.3,0
CUST01221,Male,0,No,Yes,72,Yes,DSL,Month-to-month,Mailed check,Yes,No,No,No,53.06,3621.92,0
CUST01222,Male,1,Yes,No,44,Yes,DSL,Two year,Bank transfer,No,No,No internet service,Yes,52.9,2287.94,0
CUST01223,Male,0,Yes,No,17,Yes,DSL,One year,Electronic check,No,No,No internet service,No,56.83,974.7,0
CUST01224,Male,0,No,No,44,Yes,Fiber optic,One year,Bank transfer,No,Yes,Yes,Yes,104.14,4464.76,1
CUST01225,Female,0,No,No,14,Yes,No,Month-to-month,Electronic check,No internet service,Yes,Yes,Yes,35.63,457.58,0
CUST01226,Male,0,Yes,No,20,Yes,DSL,One year,Credit card,No internet service,Yes,No internet service,No,71.46,1445.38,0
CUST01227,Female,0,Yes,No,35,Yes,Fiber optic,One year,Mailed check,No,Yes,No,Yes,83.14,2831.21,0
CUST01228,Male,0,Yes,Yes,53,Yes,Fiber optic,Month-to-month,Electronic check,No,Yes,No internet service,Yes,64.57,3504.15,0
CUST01229,Female,0,No,No,18,Yes,DSL,Two year,Bank transfer,No,No,No,No,58.87,1106.98,0
CUST01230,Female,1,No,No,25,Yes,Fiber optic,Month-to-month,Electronic check,No,Yes,No internet service,No,75.58,1655.13,0
CUST01231,Male,0,No,No,25,No,DSL,Month-to-month,Mailed check,No,Yes,Yes,Yes,80.42,2115.69,0
CUST01232,Male,0,Yes,No,60,No,Fiber optic,Month-to-month,Credit card,No,Yes,No,Yes,93.91,5421.48,0
CUST01233,Male,0,Yes,No,29,Yes,Fiber optic,One year,Bank transfer,No,No internet service,No,Yes,69.24,2083.79,1
CUST01234,Male,0,Yes,No,72,Yes,Fiber optic,Month-to-month,Bank transfer,No,Yes,Yes,Yes,85.24,6226.71,0
CUST01235,Male,0,Yes,Yes,20,Yes,No,Month-to-month,Mailed check,No,No,Yes,Yes,53.14,1179.48,0
CUST01236,Female,0,Yes,No,18,No,DSL,Month-to-month,Mailed check,No,Yes,Yes,Yes,69.31,1223.17,0
CUST01237,Female,0,No,Yes,71,Yes,No,Month-to-month,Electronic check,No,Yes,Yes,No,30.26,2044.84,0
CUST01238,Female,0,Yes,Yes,42,Yes,DSL,Month-to-month,Bank transfer,No,No,No internet service,No,70.02,2776.42,0
CUST01239,Female,0,No,Yes,72,Yes,DSL,Two year,Bank transfer,Yes,No,No internet service,Yes,58.59,3827.86,0
CUST01240,Female,0,Yes,Yes,69,Yes,DSL,Month-to-month,Electronic check,No internet service,No,No internet service,Yes,61.27,4382.22,0
CUST01241,Male,1,Yes,No,9,Yes,No,Two year,Electronic check,No internet service,No,No internet service,Yes,42.85,348.2,0
CUST01242,Male,0,No,No,28,Yes,Fiber optic,One year,Electronic check,No internet service,No,No internet service,Yes,60.78,1763.03,0
CUST01243,Male,0,No,No,35,Yes,No,One year,Electronic check,No internet service,Yes,No internet service,No,31.44,1061.18,0
CUST01244,Female,1,Yes,Yes,33,Yes,Fiber optic,Two year,Electronic check,Yes,No internet service,Yes,Yes,70.11,1981.8,0
CUST01245,Male,1,No,No,25,Yes,Fiber optic,Month-to-month,Mailed check,Yes,Yes,Yes,No,90.68,2457.83,0
CUST01246,Male,0,Yes,No,33,Yes,No,One year,Mailed check,No,No internet service,No internet service,No,20.58,505.07,0
CUST01247,Male,0,Yes,No,34,Yes,No,Month-to-month,Mailed check,No,No,No,No,18.0,596.26,0
CUST01248,Female,0,Yes,No,18,Yes,No,Month-to-month,Electronic check,No,Yes,No,No,38.86,696.95,0
CUST01249,Female,0,Yes,No,58,Yes,Fiber optic,Month-to-month,Mailed check,No,No,No,No,72.08,3422.17,0
CUST01250,Male,0,No,Yes,72,Yes,No,One year,Credit card,No internet service,No,Yes,No,22.99,1673.3,0
CUST01251,Female,0,Yes,No,47,Yes,DSL,Two year,Electronic check,No,No,Yes,Yes,57.48,2520.87,0
CUST01252,Female,0,No,No,38,Yes,No,Month-to-month,Electronic check,No,No internet service,No,No,26.66,975.19,0
CUST01253,Female,1,No,Yes,27,Yes,No,One year,Mailed check,No internet service,No,No,Yes,18.0,521.97,0
CUST01254,Male,0,Yes,No,35,Yes,Fiber optic,Month-to-month,Electronic check,No,No internet service,No,Yes,73.82,2557.84,0
CUST01255,Male,0,Yes,No,37,Yes,DSL,Month-to-month,Electronic check,No,Yes,No,No,77.72,2747.56,0
CUST01256,Female,0,Yes,No,13,Yes,DSL,Month-to-month,Mailed check,No,Yes,No,No,72.34,910.39,0
CUST01257,Female,1,No,No,56,Yes,No,One year,Mailed check,No internet service,No,No,Yes,20.01,1237.46,0
CUST01258,Male,1,No,No,21,Yes,No,Month-to-month,Credit card,No internet service,No internet service,No,No,27.19,575.74,0
CUST01259,Male,0,No,No,72,Yes,Fiber optic,Month-to-month,Credit card,No,No,No,Yes,61.99,4097.9,0
CUST01260,Male,0,Yes,No,32,No,No,Month-to-month,Mailed check,No,No internet service,No internet service,No,26.09,789.64,0
CUST01261,Female,0,Yes,No,57,Yes,Fiber optic,One year,Mailed check,No internet service,No,No,No,69.39,3546.63,0
CUST01262,Male,0,No,No,46,Yes,No,Two year,Credit card,No,No internet service,No internet service,Yes,18.0,785.26,0
CUST01263,Female,0,Yes,Yes,10,Yes,DSL,Month-to-month,Mailed check,No,No internet service,No internet service,Yes,63.99,699.12,0
CUST01264,Male,0,No,No,69,Yes,DSL,One year,Credit card,No,No,No internet service,No,43.18,2885.14,0
CUST01265,Female,0,Yes,No,16,No,Fiber optic,One year,Bank transfer,No,No,No,Yes,62.51,886.55,0
CUST01266,Female,0,Yes,No,20,No,DSL,Month-to-month,Electronic check,No,No,No,No,50.48,1019.86,0
CUST01267,Female,0,No,No,21,Yes,Fiber optic,Month-to-month,Electronic check,No internet service,No internet service,No,Yes,67.96,1359.4,1
CUST01268,Female,0,No,No,7,No,No,Two year,Electronic check,No,No,No,Yes,35.39,252.51,0
CUST01269,Male,0,No,No,33,Yes,DSL,Month-to-month,Credit card,No,No,Yes,No,73.03,2320.9,0
CUST01270,Female,0,Yes,Yes,59,No,Fiber optic,Month-to-month,Electronic check,Yes,No internet service,Yes,Yes,80.84,5156.7,0
CUST01271,Female,0,No,Yes,72,Yes,DSL,Two year,Bank transfer,No,No,Yes,Yes,67.47,4451.02,0
CUST01272,Female,0,No,No,25,Yes,No,Two year,Mailed check,No,No,No,No,24.91,559.5,0
CUST01273,Male,0,No,No,28,Yes,DSL,One year,Credit card,No,No,Yes,Yes,77.97,2282.78,1
CUST01274,Male,0,No,Yes,48,Yes,Fiber optic,Two year,Bank transfer,Yes,No,No,Yes,57.47,2316.5,0
CUST01275,Male,1,No,Yes,26,Yes,Fiber optic,Month-to-month,Electronic check,No,No,Yes,No,86.17,2168.65,0
CUST01276,Male,0,No,Yes,63,Yes,Fiber optic,One year,Electronic check,Yes,Yes,Yes,Yes,83.93,5478.17,0
CUST01277,Male,1,Yes,No,27,Yes,DSL,Month-to-month,Mailed check,Yes,No internet service,No,No,63.02,1406.14,0
CUST01278,Male,1,Yes,No,14,Yes,DSL,Two year,Credit card,No internet service,No,No internet service,Yes,63.06,869.18,0
CUST01279,Female,0,No,No,34,Yes,Fiber optic,Month-to-month,Bank transfer,No internet service,No internet service,No,No,77.87,2317.38,1
CUST01280,Male,0,Yes,Yes,8,Yes,DSL,Month-to-month,Mailed check,No,No,No internet service,Yes,71.67,487.85,0
CUST01281,Male,0,Yes,Yes,33,Yes,DSL,Month-to-month,Credit card,No internet service,No internet service,Yes,No,56.03,1674.05,0
CUST01282,Male,0,No,Yes,38,Yes,Fiber optic,One year,Mailed check,Yes,No,No,Yes,80.04,2941.64,0
CUST01283,Female,0,Yes,No,16,Yes,DSL,Month-to-month,Electronic check,No internet service,No,Yes,No,66.49,990.0,0
CUST01284,Male,0,No,Yes,37,Yes,DSL,One year,Credit card,No,No internet service,No,No,55.31,2164.13,0
CUST01285,Female,1,No,No,23,Yes,Fiber optic,Month-to-month,Mailed check,No,No,Yes,No,96.27,2182.7,0
CUST01286,Female,0,Yes,No,15,Yes,Fiber optic,Month-to-month,Credit card,No,No internet service,Yes,Yes,85.62,1214.66,1
CUST01287,Male,0,No,No,7,Yes,Fiber optic,One year,Mailed check,No,No,No,Yes,68.66,426.94,0
CUST01288,Female,0,Yes,No,9,Yes,Fiber optic,Month-to-month,Bank transfer,No,Yes,No,Yes,87.66,785.54,1
CUST01289,Female,0,No,Yes,72,Yes,Fiber optic,One year,Electronic check,Yes,No,Yes,No,79.63,6445.0,0
CUST01290,Male,0,No,Yes,23,Yes,Fiber optic,Two year,Mailed check,No,No internet service,No internet service,Yes,68.54,1467.33,0
CUST01291,Female,0,Yes,No,37,Yes,Fiber optic,One year,Electronic check,No,No,No,Yes,67.15,2333.02,0
CUST01292,Male,0,Yes,No,25,Yes,DSL,Month-to-month,Bank transfer,No internet service,No,No,Yes,61.44,1391.23,0
CUST01293,Female,0,Yes,No,72,Yes,Fiber optic,Month-to-month,Electronic check,Yes,Yes,No,Yes,75.09,5746.51,0
CUST01294,Female,0,Yes,No,15,Yes,DSL,Two year,Electronic check,No,No,Yes,Yes,68.24,1069.55,0
CUST01295,Male,0,Yes,No,30,Yes,No,One year,Mailed check,No,No internet service,No internet service,Yes,32.1,913.66,0
CUST01296,Male,0,No,No,20,Yes,Fiber optic,Two year,Mailed check,Yes,No internet service,No,Yes,72.88,1367.33,0
CUST01297,Female,1,Yes,No,56,Yes,Fiber optic,Month-to-month,Bank transfer,No,No,Yes,Yes,95.81,4903.56,0
CUST01298,Male,0,No,Yes,37,Yes,Fiber optic,One year,Bank transfer,No,Yes,Yes,Yes,88.11,3128.85,1
CUST01299,Male,0,Yes,Yes,29,Yes,No,Month-to-month,Bank transfer,No,Yes,Yes,No,51.79,1579.1,0
CUST01300,Female,0,No,Yes,10,Yes,Fiber optic,One year,Mailed check,No,Yes,No,No,87.81,863.09,0
CUST01301,Male,0,Yes,No,72,Yes,Fiber optic,Two year,Mailed check,Yes,No internet service,No,Yes,84.2,6487.59,0
CUST01302,Female,0,Yes,No,25,Yes,No,Two year,Electronic check,No,No,No internet service,No,40.78,947.72,0
CUST01303,Male,0,No,Yes,13,No,Fiber optic,Month-to-month,Mailed check,No internet service,Yes,Yes,Yes,73.91,786.06,0
CUST01304,Male,1,Yes,Yes,7,Yes,Fiber optic,Two year,Credit card,No internet service,No,No,No,74.12,603.09,0
CUST01305,Male,0,No,No,8,Yes,DSL,Month-to-month,Mailed check,Yes,No internet service,Yes,Yes,66.11,526.25,0
CUST01306,Male,0,Yes,No,29,Yes,DSL,Month-to-month,Credit card,No,No,No,No,59.89,1796.72,1
CUST01307,Female,0,No,Yes,57,Yes,No,One year,Electronic check,No internet service,No internet service,No,No,21.82,1150.3,0
CUST01308,Female,0,No,No,35,Yes,DSL,Month-to-month,Bank transfer,Yes,No,No internet service,No,54.65,1692.06,0
CUST01309,Female,0,No,No,7,Yes,DSL,Month-to-month,Bank transfer,Yes,Yes,No,Yes,58.2,403.67,0
CUST01310,Male,0,Yes,No,29,Yes,DSL,One year,Bank transfer,Yes,No internet service,Yes,No,67.78,1652.26,0
CUST01311,Male,0,Yes,No,68,Yes,No,One year,Bank transfer,Yes,Yes,No internet service,Yes,40.47,2645.47,0
CUST01312,Female,0,Yes,Yes,22,Yes,Fiber optic,One year,Electronic check,No internet service,No internet service,No internet service,Yes,68.05,1574.29,1
CUST01313,Male,0,Yes,Yes,35,Yes,Fiber optic,Month-to-month,Bank transfer,No internet service,No,Yes,No,77.37,2738.8,0
CUST01314,Male,0,Yes,No,23,Yes,No,One year,Mailed check,No,No internet service,No internet service,No,19.42,445.7,0
CUST01315,Male,0,No,Yes,41,No,Fiber optic,Month-to-month,Mailed check,No,Yes,No,No,72.05,3255.55,0
CUST01316,Female,0,No,No,15,Yes,No,Month-to-month,Electronic check,No internet service,No,No internet service,No,23.11,348.82,0
CUST01317,Male,0,No,Yes,1,Yes,Fiber optic,Month-to-month,Electronic check,Yes,No internet service,No,No,74.75,63.29,1
CUST01318,Male,0,Yes,No,10,Yes,Fiber optic,One year,Credit card,Yes,No internet service,Yes,Yes,90.06,873.19,0
CUST01319,Female,0,Yes,No,20,Yes,Fiber optic,Month-to-month,Electronic check,Yes,No internet service,No internet service,Yes,62.46,1392.57,1
CUST01320,Female,1,No,No,27,Yes,No,Month-to-month,Mailed check,No internet service,Yes,No,Yes,32.76,847.67,1
CUST01321,Female,0,Yes,No,21,Yes,DSL,Two year,Electronic check,No,No,No internet service,No,68.43,1595.8,0
CUST01322,Female,0,Yes,No,20,Yes,DSL,Two year,Bank transfer,No,No,Yes,No,57.57,1210.88,0
CUST01323,Male,0,Yes,Yes,57,Yes,No,One year,Bank transfer,No,No,No,Yes,35.14,1905.65,0
CUST01324,Male,0,No,No,12,Yes,Fiber optic,Two year,Credit card,Yes,No,No,No,68.49,743.28,0
CUST01325,Male,0,No,Yes,29,Yes,Fiber optic,Two year,Bank transfer,No,No,No,Yes,77.69,2261.55,0
CUST01326,Female,0,Yes,No,8,Yes,DSL,One year,Electronic check,No internet service,No,No,Yes,57.26,489.66,0
CUST01327,Male,0,No,No,47,Yes,No,Month-to-month,Electronic check,No internet service,Yes,No,No,36.67,1498.57,0
CUST01328,Female,1,Yes,Yes,35,Yes,Fiber optic,One year,Electronic check,No,No internet service,No,Yes,84.87,2936.07,0
CUST01329,Male,0,Yes,Yes,72,Yes,No,Two year,Bank transfer,Yes,No internet service,No,Yes,24.03,1448.32,0
CUST01330,Female,1,No,No,12,Yes,Fiber optic,One year,Credit card,No internet service,No,No,No,79.97,917.64,0
CUST01331,Female,0,Yes,Yes,72,Yes,No,Month-to-month,Electronic check,No,No internet service,No,Yes,27.2,1692.39,0
CUST01332,Male,0,No,No,13,Yes,Fiber optic,Two year,Mailed check,No,No internet service,No,Yes,65.71,870.76,1
CUST01333,Female,0,Yes,Yes,22,Yes,Fiber optic,One year,Bank transfer,Yes,Yes,No internet service,No,78.84,1616.14,0
CUST01334,Male,0,Yes,No,9,Yes,Fiber optic,Month-to-month,Bank transfer,Yes,No,No,Yes,70.34,671.72,0
CUST01335,Male,0,No,No,72,Yes,Fiber optic,Two year,Bank transfer,No,No internet service,No,No,60.71,4118.32,0
CUST01336,Male,0,Yes,No,38,Yes,Fiber optic,One year,Mailed check,No,No,Yes,No,83.67,2975.31,0
CUST01337,Male,0,No,Yes,39,Yes,DSL,Two year,Electronic check,No,Yes,Yes,Yes,80.26,2713.64,0
CUST01338,Female,0,Yes,No,14,Yes,Fiber optic,Two year,Mailed check,Yes,No,No,No,78.5,1107.1,0
CUST01339,Male,0,No,No,2,Yes,Fiber optic,Month-to-month,Mailed check,No,No,No,Yes,83.44,169.29,1
CUST01340,Female,0,Yes,No,21,Yes,DSL,Two year,Bank transfer,No,No,No internet service,Yes,66.63,1463.29,0
CUST01341,Male,0,Yes,No,18,Yes,Fiber optic,Month-to-month,Electronic check,No,Yes,No internet service,No,75.18,1388.24,0
CUST01342,Female,1,No,No,5,Yes,DSL,Two year,Mailed check,No,Yes,No,Yes,63.88,321.98,0
CUST01343,Female,0,Yes,No,22,Yes,DSL,Two year,Credit card,No internet service,No internet service,No,Yes,65.71,1477.0,0
CUST01344,Male,0,Yes,No,29,Yes,Fiber optic,Two year,Mailed check,No internet service,No,No,Yes,75.12,2241.17,0
CUST01345,Female,0,No,No,40,Yes,DSL,Two year,Electronic check,No,No internet service,No,Yes,58.86,2456.9,0
CUST01346,Male,1,No,No,3,Yes,No,Two year,Credit card,No,No,No,Yes,18.0,47.15,0
CUST01347,Male,0,No,Yes,10,Yes,No,Month-to-month,Electronic check,No internet service,No internet service,No,Yes,20.75,196.64,0
CUST01348,Male,0,No,No,14,Yes,Fiber optic,Month-to-month,Bank transfer,Yes,Yes,No,No,84.66,1026.88,1
CUST01349,Male,1,No,No,59,Yes,Fiber optic,Month-to-month,Electronic check,No internet service,No internet service,No internet service,No,56.39,3337.82,0
CUST01350,Male,1,No,No,58,Yes,DSL,Two year,Credit card,No,No internet service,No,Yes,40.28,2556.07,0
CUST01351,Female,0,No,No,37,Yes,Fiber optic,One year,Electronic check,No,No,Yes,Yes,85.55,3300.65,0
CUST01352,Female,0,Yes,No,22,Yes,DSL,One year,Mailed check,No,No,No,Yes,54.73,1128.81,1
CUST01353,Female,0,Yes,No,61,Yes,No,Month-to-month,Credit card,No,No internet service,No internet service,Yes,28.75,1780.72,0
CUST01354,Male,0,No,No,34,No,No,One year,Bank transfer,No internet service,No,Yes,No,45.61,1557.6,0
CUST01355,Female,0,No,No,59,Yes,DSL,Month-to-month,Electronic check,No,No,No internet service,No,50.9,2992.05,0
CUST01356,Female,0,Yes,No,38,Yes,Fiber optic,Two year,Electronic check,Yes,No,No internet service,Yes,58.64,1980.45,0
CUST01357,Female,0,Yes,No,6,Yes,Fiber optic,Two year,Electronic check,No,No internet service,No,No,69.79,448.91,1
CUST01358,Female,0,Yes,Yes,2,Yes,Fiber optic,Month-to-month,Electronic check,No internet service,No,No,No,66.52,119.41,1
CUST01359,Female,0,No,No,20,Yes,DSL,Two year,Mailed check,No internet service,No,Yes,Yes,66.8,1274.98,0
CUST01360,Female,0,No,No,51,Yes,Fiber optic,Month-to-month,Mailed check,No,No,Yes,No,84.3,4501.97,0
CUST01361,Female,1,Yes,No,18,Yes,DSL,Month-to-month,Credit card,Yes,Yes,No,Yes,69.61,1195.17,0
CUST01362,Female,0,No,No,69,No,No,One year,Bank transfer,No,No internet service,No internet service,No,25.37,1725.24,0
CUST01363,Female,0,No,No,48,Yes,Fiber optic,One year,Credit card,Yes,No internet service,No internet service,No,80.47,3817.65,0
CUST01364,Female,0,No,No,65,No,Fiber optic,Month-to-month,Mailed check,No internet service,No,Yes,Yes,85.37,5463.67,0
CUST01365,Male,0,Yes,No,21,Yes,No,Month-to-month,Mailed check,No,No,No,Yes,23.55,488.64,0
CUST01366,Female,0,No,No,12,Yes,Fiber optic,Month-to-month,Bank transfer,No internet service,Yes,No,Yes,85.08,1015.83,0
CUST01367,Female,0,No,Yes,11,Yes,Fiber optic,Month-to-month,Mailed check,Yes,Yes,No,No,67.64,733.05,0
CUST01368,Female,1,No,No,41,Yes,Fiber optic,Month-to-month,Electronic check,No internet service,No internet service,No,No,80.51,3027.98,0
CUST01369,Male,0,Yes,No,6,Yes,Fiber optic,Month-to-month,Credit card,No internet service,No,No internet service,Yes,72.18,377.43,1
CUST01370,Male,1,No,No,7,Yes,Fiber optic,Two year,Bank transfer,No,No,No,No,62.39,458.51,0
CUST01371,Male,1,No,No,17,Yes,No,Month-to-month,Electronic check,No internet service,Yes,Yes,Yes,37.67,674.37,0
CUST01372,Female,1,Yes,No,33,Yes,DSL,Month-to-month,Mailed check,No,Yes,No,Yes,75.3,2493.9,0
CUST01373,Female,0,Yes,Yes,15,Yes,Fiber optic,Month-to-month,Electronic check,No,No,Yes,Yes,73.86,1111.27,0
CUST01374,Female,1,No,Yes,58,Yes,Fiber optic,Month-to-month,Bank transfer,Yes,Yes,No internet service,No,83.28,4424.19,0
CUST01375,Male,0,No,No,66,Yes,Fiber optic,One year,Mailed check,Yes,No,No internet service,No,79.03,4221.29,0
CUST01376,Male,0,Yes,Yes,1,Yes,No,Month-to-month,Credit card,Yes,No internet service,Yes,Yes,33.2,31.96,1
CUST01377,Male,0,Yes,No,39,Yes,DSL,Month-to-month,Mailed check,No,No,No,No,52.08,1720.74,0
CUST01378,Male,0,Yes,No,18,Yes,DSL,Two year,Mailed check,No,No internet service,No internet service,No,58.49,1045.35,0
CUST01379,Male,0,No,Yes,52,Yes,Fiber optic,Two year,Bank transfer,Yes,Yes,No,Yes,68.72,3828.21,0
CUST01380,Male,0,No,No,40,No,Fiber optic,Month-to-month,Credit card,Yes,No,No,Yes,68.09,2551.66,0
CUST01381,Male,0,Yes,No,32,Yes,No,Month-to-month,Credit card,No,No internet service,No internet service,Yes,18.0,541.95,0
CUST01382,Female,0,Yes,No,25,Yes,Fiber optic,Two year,Mailed check,No internet service,No internet service,Yes,Yes,79.62,1810.54,0
CUST01383,Female,1,Yes,No,7,Yes,DSL,One year,Mailed check,No,No,No,Yes,48.85,336.17,0
CUST01384,Male,0,Yes,No,72,Yes,DSL,Two year,Bank transfer,No,No,Yes,No,67.67,4763.46,0
CUST01385,Female,0,No,Yes,9,Yes,Fiber optic,Month-to-month,Credit card,No internet service,Yes,Yes,Yes,97.06,793.75,0
CUST01386,Female,0,No,Yes,72,Yes,Fiber optic,Two year,Credit card,No,No,No internet service,No,81.57,6130.75,0
CUST01387,Male,0,Yes,No,45,Yes,DSL,Month-to-month,Mailed check,No,Yes,No,No,57.04,3001.01,0
CUST01388,Female,0,Yes,No,19,Yes,Fiber optic,Month-to-month,Bank transfer,No,Yes,No,Yes,74.67,1508.52,1
CUST01389,Male,0,Yes,No,17,Yes,No,One year,Electronic check,No internet service,No,Yes,Yes,39.82,658.16,0
CUST01390,Male,0,No,No,6,Yes,Fiber optic,One year,Electronic check,No,Yes,No internet service,Yes,85.63,499.1,0
CUST01391,Female,0,No,Yes,29,Yes,Fiber optic,Month-to-month,Electronic check,No internet service,Yes,Yes,No,83.08,2274.52,0
CUST01392,Male,0,No,No,6,Yes,DSL,Month-to-month,Electronic check,No,Yes,No,Yes,63.11,356.93,1
CUST01393,Male,0,Yes,No,60,Yes,No,Two year,Mailed check,Yes,No,Yes,No,33.66,2114.66,0
CUST01394,Male,1,No,No,34,Yes,DSL,Month-to-month,Mailed check,No,No internet service,No,No,44.33,1582.76,0
CUST01395,Female,0,Yes,No,27,Yes,Fiber optic,Month-to-month,Bank transfer,No internet service,No internet service,No,No,76.2,1847.82,0
CUST01396,Male,1,No,Yes,30,Yes,DSL,Month-to-month,Bank transfer,No internet service,Yes,No,Yes,75.66,2282.61,0
CUST01397,Male,0,No,Yes,35,Yes,DSL,Month-to-month,Electronic check,No internet service,Yes,No,No,63.89,2365.35,0
CUST01398,Male,0,No,No,22,No,DSL,Two year,Bank transfer,No,No internet service,No,No,47.65,1001.64,0
CUST01399,Female,0,No,No,24,Yes,DSL,Month-to-month,Electronic check,No,Yes,No,No,78.3,1813.79,0
CUST01400,Female,1,Yes,No,72,Yes,No,Month-to-month,Electronic check,No internet service,No,No,Yes,26.76,1982.05,0
CUST01401,Male,1,No,No,56,No,DSL,One year,Credit card,No,Yes,No internet service,No,72.67,4194.49,0
CUST01402,Female,0,Yes,Yes,44,Yes,No,Month-to-month,Electronic check,Yes,No,Yes,No,22.43,996.82,0
CUST01403,Female,0,Yes,No,19,Yes,Fiber optic,One year,Mailed check,No,Yes,Yes,Yes,77.46,1468.5,0
CUST01404,Female,0,Yes,Yes,4,Yes,DSL,Month-to-month,Bank transfer,No,No,Yes,No,70.31,283.27,0
CUST01405,Female,0,Yes,Yes,40,No,Fiber optic,Two year,Mailed check,No,No,Yes,Yes,88.22,3389.62,0
CUST01406,Female,1,Yes,No,30,Yes,DSL,Two year,Mailed check,No internet service,Yes,No,Yes,57.97,1568.25,0
CUST01407,Female,0,Yes,No,23,Yes,No,Two year,Bank transfer,Yes,No,Yes,No,32.19,644.89,0
CUST01408,Male,0,No,No,26,Yes,DSL,Month-to-month,Bank transfer,No internet service,No,Yes,No,54.3,1442.42,0
CUST01409,Female,0,Yes,Yes,10,Yes,No,Two year,Mailed check,No,No internet service,Yes,Yes,27.39,270.5,1
CUST01410,Female,0,Yes,No,13,Yes,DSL,One year,Credit card,No internet service,No,No,Yes,56.94,749.02,0
CUST01411,Female,1,No,No,57,Yes,DSL,Month-to-month,Electronic check,No,Yes,No,Yes,70.91,3726.52,0
CUST01412,Male,0,No,No,3,Yes,DSL,Month-to-month,Mailed check,No,No,No,Yes,42.15,124.83,0
CUST01413,Female,0,Yes,No,51,No,Fiber optic,Month-to-month,Electronic check,No,Yes,No internet service,No,90.56,4551.61,0
CUST01414,Male,0,Yes,No,71,Yes,Fiber optic,Month-to-month,Electronic check,No,No internet service,Yes,Yes,78.64,5971.66,0
CUST01415,Male,0,No,Yes,40,Yes,No,Month-to-month,Credit card,Yes,No internet service,No,No,35.36,1470.44,0
CUST01416,Male,0,No,No,38,Yes,Fiber optic,Two year,Bank transfer,Yes,Yes,Yes,Yes,93.59,3301.08,0
CUST01417,Male,1,Yes,No,13,Yes,DSL,Two year,Electronic check,Yes,No,No internet service,No,65.82,868.77,0
CUST01418,Female,0,No,No,15,No,Fiber optic,Month-to-month,Mailed check,No,No,Yes,Yes,96.16,1338.14,1
CUST01419,Male,0,Yes,No,20,Yes,Fiber optic,Two year,Electronic check,No,Yes,No internet service,No,73.75,1175.71,0
CUST01420,Female,0,Yes,No,8,Yes,No,One year,Bank transfer,No,No,No,Yes,26.08,229.67,0
CUST01421,Male,0,No,No,14,Yes,Fiber optic,Month-to-month,Mailed check,No,No,No,Yes,64.07,855.5,1
CUST01422,Male,0,No,Yes,30,Yes,Fiber optic,Two year,Credit card,Yes,No,No,No,71.18,2248.07,0
CUST01423,Male,0,No,No,19,Yes,DSL,One year,Electronic check,Yes,No,No,Yes,64.76,1148.87,0
CUST01424,Male,0,Yes,No,32,Yes,No,One year,Mailed check,No,No,Yes,Yes,42.02,1241.76,0
CUST01425,Female,0,Yes,No,56,Yes,DSL,Month-to-month,Credit card,No internet service,No,No internet service,No,55.94,2950.13,0
CUST01426,Male,0,Yes,No,32,Yes,No,Month-to-month,Credit card,No,No,No internet service,No,18.0,574.67,0
CUST01427,Male,0,Yes,Yes,39,Yes,DSL,Two year,Electronic check,No,No,Yes,Yes,67.59,2615.79,0
CUST01428,Male,0,Yes,No,6,Yes,No,Month-to-month,Mailed check,No internet service,No,Yes,No,26.18,159.41,0
CUST01429,Female,0,No,No,56,Yes,No,Month-to-month,Credit card,No internet service,No,Yes,Yes,28.38,1502.27,0
CUST01430,Male,0,No,No,6,Yes,No,Month-to-month,Bank transfer,No,Yes,No,Yes,38.37,226.27,1
CUST01431,Female,0,No,No,18,Yes,Fiber optic,Month-to-month,Bank transfer,No,No,No,Yes,75.89,1258.07,0
CUST01432,Female,1,Yes,No,10,Yes,Fiber optic,Month-to-month,Bank transfer,Yes,No,No,Yes,78.67,851.88,0
CUST01433,Female,0,Yes,No,4,Yes,No,Two year,Credit card,No,No,Yes,Yes,30.3,107.63,0
CUST01434,Male,0,No,No,31,Yes,Fiber optic,Month-to-month,Mailed check,No,Yes,No internet service,Yes,88.07,2518.48,1
CUST01435,Female,0,Yes,Yes,41,Yes,Fiber optic,Two year,Electronic check,Yes,No,Yes,Yes,80.11,3121.47,0
CUST01436,Female,0,No,No,72,Yes,DSL,One year,Mailed check,No,Yes,No,Yes,64.73,5346.71,0
CUST01437,Female,0,Yes,No,34,Yes,Fiber optic,Month-to-month,Bank transfer,No internet service,No,No internet service,Yes,63.21,2221.52,0
CUST01438,Male,0,No,No,14,Yes,Fiber optic,Month-to-month,Mailed check,Yes,No,No,Yes,55.28,712.2,1
CUST01439,Female,0,No,No,19,Yes,Fiber optic,Month-to-month,Electronic check,No internet service,No,No,No,59.49,1172.76,0
CUST01440,Male,0,No,No,5,Yes,DSL,Two year,Bank transfer,No internet service,No internet service,No internet service,Yes,60.72,308.49,0
CUST01441,Male,1,No,Yes,20,Yes,Fiber optic,Two year,Mailed check,No,No internet service,Yes,Yes,72.74,1453.58,0
CUST01442,Male,0,No,No,27,Yes,No,Month-to-month,Credit card,Yes,No internet service,Yes,Yes,19.84,551.06,0
CUST01443,Male,1,Yes,No,40,No,Fiber optic,Two year,Mailed check,No internet service,No internet service,Yes,Yes,76.64,3016.75,0
CUST01444,Female,1,No,Yes,47,Yes,No,Two year,Bank transfer,No,Yes,Yes,No,43.24,2015.93,0
CUST01445,Female,1,No,Yes,39,Yes,DSL,Month-to-month,Mailed check,No,Yes,No,No,70.32,2389.51,0
CUST01446,Female,0,No,No,12,Yes,Fiber optic,One year,Electronic check,No,Yes,No,No,79.77,1034.79,0
CUST01447,Male,0,Yes,No,9,Yes,Fiber optic,Two year,Mailed check,Yes,Yes,No,Yes,79.51,678.86,0
CUST01448,Male,0,Yes,No,45,Yes,Fiber optic,Two year,Electronic check,No,No internet service,No internet service,Yes,67.69,2721.32,0
CUST01449,Male,0,No,Yes,4,Yes,Fiber optic,Month-to-month,Bank transfer,No internet service,No internet service,No,No,77.07,291.23,0
CUST01450,Female,1,No,No,72,Yes,DSL,Month-to-month,Bank transfer,No,No,Yes,No,65.59,4474.63,0
CUST01451,Female,0,Yes,Yes,15,Yes,Fiber optic,Month-to-month,Electronic check,No internet service,No internet service,No,Yes,71.39,989.37,0
CUST01452,Female,0,Yes,No,61,Yes,DSL,Month-to-month,Mailed check,No,No,No,No,67.3,4246.67,0
CUST01453,Female,0,Yes,No,17,Yes,Fiber optic,Month-to-month,Credit card,No internet service,No,No,Yes,78.34,1395.96,1
CUST01454,Female,0,Yes,No,42,Yes,No,One year,Electronic check,No,Yes,No internet service,No,31.52,1115.81,0
CUST01455,Male,0,Yes,No,10,Yes,DSL,Month-to-month,Credit card,Yes,No internet service,No internet service,Yes,56.38,532.21,0
CUST01456,Female,0,Yes,No,28,Yes,Fiber optic,Month-to-month,Electronic check,No internet service,No,No internet service,Yes,69.32,1841.94,0
CUST01457,Male,1,Yes,Yes,5,Yes,Fiber optic,One year,Electronic check,No internet service,No,No,Yes,55.83,270.2,1
CUST01458,Female,0,No,No,35,Yes,Fiber optic,Month-to-month,Mailed check,No,Yes,No,No,88.78,3416.3,1
CUST01459,Female,0,Yes,No,10,Yes,DSL,Month-to-month,Electronic check,No internet service,No internet service,No internet service,No,53.52,494.02,0
CUST01460,Male,0,Yes,No,11,No,Fiber optic,Two year,Credit card,No,No internet service,No,No,78.84,944.74,1
CUST01461,Male,1,Yes,No,20,Yes,No,Two year,Bank transfer,Yes,No,No,No,25.33,491.28,1
CUST01462,Female,0,Yes,No,23,Yes,Fiber optic,Month-to-month,Bank transfer,No,No internet service,Yes,Yes,91.13,2284.67,0
CUST01463,Female,0,No,No,40,Yes,Fiber optic,Two year,Bank transfer,No,No,No internet service,Yes,76.24,2922.23,0
CUST01464,Female,0,No,Yes,37,No,Fiber optic,Two year,Bank transfer,Yes,No internet service,No,No,79.3,2787.5,0
CUST01465,Male,1,Yes,Yes,31,Yes,No,One year,Bank transfer,Yes,No,No internet service,Yes,20.26,614.5,0
CUST01466,Female,0,Yes,Yes,51,Yes,DSL,Two year,Bank transfer,No internet service,No,No internet service,Yes,48.72,2659.79,0
CUST01467,Male,0,Yes,No,36,Yes,DSL,Month-to-month,Credit card,No,No internet service,No,Yes,60.18,2147.16,1
CUST01468,Female,1,Yes,No,38,Yes,Fiber optic,Month-to-month,Mailed check,No internet service,No internet service,No,Yes,56.66,2141.56,1
CUST01469,Male,0,Yes,No,11,Yes,Fiber optic,Two year,Mailed check,No,Yes,Yes,Yes,84.26,949.63,0
CUST01470,Female,0,Yes,No,54,Yes,Fiber optic,Month-to-month,Mailed check,Yes,No internet service,No,No,62.48,3098.67,0
CUST01471,Male,0,Yes,Yes,49,Yes,DSL,Month-to-month,Mailed check,No internet service,No,No,No,52.28,2570.86,0
CUST01472,Male,0,No,No,32,Yes,DSL,Month-to-month,Electronic check,No,Yes,No,Yes,71.77,2149.72,0
CUST01473,Female,0,Yes,Yes,48,Yes,Fiber optic,Month-to-month,Mailed check,No,No,No,Yes,76.24,3963.22,0
CUST01474,Female,0,Yes,No,27,Yes,DSL,Month-to-month,Mailed check,No internet service,No,No,No,57.7,1572.4,0
CUST01475,Male,0,No,No,72,Yes,Fiber optic,Month-to-month,Electronic check,No,No,Yes,No,82.56,6113.68,0
CUST01476,Female,0,Yes,No,30,Yes,Fiber optic,Two year,Credit card,No,No,Yes,No,75.67,1900.63,0
CUST01477,Female,0,Yes,Yes,26,Yes,DSL,Month-to-month,Bank transfer,No,Yes,Yes,Yes,94.41,2527.0,0
CUST01478,Female,0,Yes,Yes,36,Yes,Fiber optic,Two year,Electronic check,Yes,Yes,No internet service,No,82.41,2870.55,0
CUST01479,Female,0,Yes,No,72,Yes,No,Month-to-month,Credit card,No,No,Yes,No,28.28,1790.6,0
CUST01480,Female,1,Yes,Yes,17,Yes,No,Month-to-month,Credit card,No,Yes,Yes,Yes,48.0,805.11,0
CUST01481,Female,0,No,No,35,Yes,DSL,Two year,Credit card,Yes,No,No,No,68.92,2107.59,0
CUST01482,Female,0,No,No,19,Yes,Fiber optic,Month-to-month,Electronic check,No,No,No,Yes,65.81,1278.86,0
CUST01483,Female,0,Yes,No,26,Yes,No,Month-to-month,Mailed check,No,Yes,No,No,21.65,608.14,0
CUST01484,Female,0,Yes,Yes,13,Yes,Fiber optic,Two year,Mailed check,No,Yes,No,No,70.24,780.41,0
CUST01485,Female,0,No,No,37,Yes,DSL,Month-to-month,Bank transfer,No internet service,No,No,Yes,53.64,1940.82,0
CUST01486,Male,0,No,No,28,Yes,DSL,Month-to-month,Bank transfer,No,No internet service,No,Yes,58.57,1588.23,0
CUST01487,Female,0,Yes,No,47,Yes,Fiber optic,Two year,Bank transfer,No,No internet service,No internet service,Yes,58.97,2330.16,0
CUST01488,Female,0,Yes,No,57,Yes,Fiber optic,Month-to-month,Bank transfer,No internet service,No,No,No,68.65,4085.83,0
CUST01489,Female,0,Yes,Yes,62,Yes,No,One year,Credit card,No internet service,Yes,No,No,31.34,1989.32,0
CUST01490,Male,0,No,No,19,Yes,No,Month-to-month,Mailed check,Yes,No,Yes,Yes,35.6,758.8,0
CUST01491,Female,0,Yes,No,37,No,DSL,Month-to-month,Credit card,Yes,No,No,No,63.89,2398.75,1
CUST01492,Female,1,Yes,No,65,Yes,Fiber optic,Month-to-month,Credit card,No,No,No internet service,Yes,75.21,4490.08,0
CUST01493,Female,0,Yes,No,13,Yes,DSL,One year,Electronic check,Yes,No,Yes,Yes,81.34,1074.34,0
CUST01494,Female,0,Yes,No,30,Yes,DSL,Month-to-month,Credit card,No,No,Yes,Yes,75.75,2431.43,0
CUST01495,Female,0,Yes,No,14,No,DSL,Two year,Electronic check,No,No,No,No,60.78,806.21,0
CUST01496,Female,0,No,No,72,Yes,No,Two year,Electronic check,No internet service,No internet service,No internet service,No,18.0,1347.41,0
CUST01497,Male,0,No,No,65,Yes,DSL,One year,Credit card,No,No,Yes,No,61.6,3263.89,0
CUST01498,Male,0,Yes,No,41,Yes,Fiber optic,Month-to-month,Mailed check,No,No,No internet service,No,60.57,2690.12,1
CUST01499,Female,0,Yes,Yes,41,Yes,Fiber optic,One year,Mailed check,No internet service,No internet service,Yes,Yes,81.23,3450.42,0
CUST01500,Male,0,No,No,15,Yes,DSL,One year,Credit card,No,No,No internet service,Yes,61.65,741.55,1
CUST01501,Male,0,Yes,No,70,Yes,Fiber optic,Month-to-month,Mailed check,Yes,Yes,No internet service,No,87.14,6141.19,0
CUST01502,Female,0,Yes,Yes,22,Yes,DSL,Two year,Electronic check,Yes,Yes,No,Yes,69.14,1279.14,0
CUST01503,Female,0,Yes,No,17,Yes,Fiber optic,Month-to-month,Electronic check,No,No,No internet service,Yes,80.43,1281.48,0
CUST01504,Female,0,No,No,59,Yes,Fiber optic,Two year,Mailed check,No,No,No internet service,Yes,80.6,4886.27,0
CUST01505,Male,1,No,No,20,Yes,No,Two year,Electronic check,No,No,No internet service,Yes,18.0,349.37,0
CUST01506,Female,0,No,No,17,Yes,Fiber optic,Month-to-month,Electronic check,No internet service,Yes,No,Yes,75.86,1377.27,1
CUST01507,Male,1,No,Yes,49,Yes,No,Month-to-month,Credit card,No,Yes,No,Yes,32.91,1587.53,0
CUST01508,Female,0,Yes,Yes,10,Yes,Fiber optic,Month-to-month,Electronic check,No internet service,No,Yes,No,74.35,726.68,0
CUST01509,Male,0,Yes,No,41,Yes,DSL,Month-to-month,Bank transfer,No,No,Yes,Yes,65.05,2818.79,0
CUST01510,Male,0,Yes,No,30,Yes,Fiber optic,Two year,Electronic check,No,No,No,No,74.41,2134.9,0
CUST01511,Female,0,No,No,47,Yes,No,Month-to-month,Mailed check,Yes,No,Yes,Yes,32.02,1472.19,0
CUST01512,Female,1,No,No,38,Yes,DSL,One year,Bank transfer,No,No,No internet service,No,59.0,2213.9,0
CUST01513,Male,0,Yes,Yes,72,Yes,DSL,Two year,Mailed check,No,No,Yes,Yes,59.46,4175.27,0
CUST01514,Female,0,No,Yes,32,No,No,Two year,Electronic check,No,No,Yes,Yes,37.05,1258.18,0
CUST01515,Female,0,Yes,No,20,Yes,No,Month-to-month,Electronic check,No,No,Yes,Yes,36.47,680.77,0
CUST01516,Male,1,Yes,Yes,28,Yes,DSL,Two year,Electronic check,No,Yes,Yes,Yes,68.9,1778.49,0
CUST01517,Female,0,Yes,No,38,No,Fiber optic,Month-to-month,Electronic check,No,No,Yes,No,69.65,2397.07,0
CUST01518,Female,0,No,No,72,Yes,Fiber optic,Month-to-month,Mailed check,No,Yes,No,Yes,89.84,5369.3,0
CUST01519,Female,1,No,No,43,Yes,Fiber optic,Month-to-month,Electronic check,No,No,Yes,Yes,93.99,4380.5,1
CUST01520,Female,1,No,No,15,Yes,Fiber optic,One year,Electronic check,No internet service,No,No internet service,No,73.88,1016.16,0
CUST01521,Male,0,No,Yes,72,Yes,No,Month-to-month,Electronic check,No,No,No,No,22.11,1533.49,0
CUST01522,Male,0,No,Yes,55,Yes,DSL,Month-to-month,Credit card,No,No internet service,No,Yes,67.37,4035.34,0
CUST01523,Female,1,No,Yes,14,Yes,Fiber optic,Month-to-month,Mailed check,No,No,No,Yes,75.76,1028.89,0
CUST01524,Female,0,No,No,11,Yes,DSL,Two year,Mailed check,No,Yes,Yes,Yes,73.31,819.32,0
CUST01525,Male,0,Yes,No,9,Yes,Fiber optic,One year,Bank transfer,No internet service,No internet service,Yes,Yes,87.74,695.34,0
CUST01526,Female,0,No,No,27,Yes,Fiber optic,One year,Mailed check,No internet service,No,No internet service,No,65.52,1906.82,0
CUST01527,Female,0,No,Yes,28,Yes,Fiber optic,One year,Electronic check,No,No,No,Yes,66.47,1808.09,0
CUST01528,Female,0,No,No,16,Yes,No,Month-to-month,Mailed check,No internet service,Yes,Yes,No,43.91,638.43,0
CUST01529,Female,0,Yes,Yes,8,No,Fiber optic,Month-to-month,Mailed check,No,No,No,No,72.91,530.01,0
CUST01530,Male,0,No,No,11,Yes,Fiber optic,Month-to-month,Mailed check,No internet service,No,No,Yes,77.1,931.47,1
CUST01531,Female,0,No,No,44,Yes,DSL,Month-to-month,Electronic check,No internet service,No internet service,Yes,No,76.55,3162.63,0
CUST01532,Female,0,Yes,Yes,22,Yes,No,Two year,Credit card,No,No,Yes,No,20.58,412.12,0
CUST01533,Male,0,No,No,12,Yes,Fiber optic,Month-to-month,Bank transfer,No internet service,No,No,No,72.31,824.06,1
CUST01534,Female,0,Yes,Yes,30,Yes,Fiber optic,One year,Electronic check,No,No,No,No,87.21,2572.28,0
CUST01535,Male,0,Yes,No,35,Yes,Fiber optic,Two year,Credit card,No,No internet service,No,No,67.23,2331.0,0
CUST01536,Female,0,Yes,No,37,Yes,Fiber optic,Two year,Electronic check,No,Yes,Yes,Yes,82.28,3078.17,0
CUST01537,Female,0,No,No,29,Yes,Fiber optic,Month-to-month,Electronic check,No,No,Yes,No,62.07,1793.61,0
CUST01538,Female,0,No,No,26,Yes,Fiber optic,Two year,Electronic check,No,Yes,Yes,No,88.81,2367.48,0
CUST01539,Male,1,Yes,No,62,Yes,DSL,One year,Credit card,No,No,No,Yes,63.64,3791.43,0
CUST01540,Male,0,No,Yes,12,Yes,No,Month-to-month,Electronic check,No,No,No internet service,No,29.63,400.02,0
CUST01541,Female,0,Yes,No,24,Yes,No,Two year,Bank transfer,No,No internet service,No,No,18.0,408.59,0
CUST01542,Female,0,Yes,No,5,Yes,Fiber optic,Month-to-month,Bank transfer,No,No internet service,Yes,No,79.93,429.49,0
CUST01543,Female,0,No,Yes,21,Yes,No,Two year,Mailed check,Yes,No,Yes,No,34.77,684.95,0
CUST01544,Male,1,No,No,32,Yes,Fiber optic,One year,Mailed check,No,Yes,Yes,No,88.42,2490.07,0
CUST01545,Female,1,No,No,49,Yes,Fiber optic,Two year,Electronic check,No,Yes,No internet service,Yes,71.24,3013.59,0
CUST01546,Male,0,No,No,5,Yes,No,Two year,Bank transfer,No,Yes,No,Yes,33.62,168.31,0
CUST01547,Male,0,No,Yes,31,Yes,Fiber optic,One year,Mailed check,Yes,No,No internet service,Yes,65.48,2154.39,0
CUST01548,Male,0,Yes,No,72,Yes,Fiber optic,Month-to-month,Mailed check,No,No,No,Yes,57.02,3692.55,0
CUST01549,Female,0,Yes,No,39,Yes,Fiber optic,Month-to-month,Electronic check,No,No,No,No,77.45,2774.6,1
CUST01550,Female,0,Yes,Yes,10,Yes,Fiber optic,Two year,Bank transfer,No,Yes,No,No,81.12,816.9,0
CUST01551,Female,1,No,Yes,21,No,DSL,One year,Bank transfer,No,Yes,No,Yes,71.74,1476.14,0
CUST01552,Male,0,No,No,40,Yes,No,Two year,Mailed check,No,Yes,No,No,28.72,1078.73,0
CUST01553,Male,0,No,No,17,Yes,DSL,Month-to-month,Mailed check,No,No,Yes,No,72.01,1090.06,0
CUST01554,Male,0,Yes,No,34,Yes,Fiber optic,Month-to-month,Electronic check,No internet service,No,No,No,80.18,2730.58,0
CUST01555,Female,0,Yes,Yes,32,Yes,DSL,Two year,Mailed check,Yes,Yes,No internet service,Yes,81.03,2659.61,0
CUST01556,Female,0,No,No,27,Yes,Fiber optic,One year,Electronic check,No,No,Yes,Yes,86.51,2369.46,0
CUST01557,Male,0,No,No,9,No,Fiber optic,Month-to-month,Bank transfer,Yes,Yes,No,No,83.08,734.15,0
CUST01558,Male,0,Yes,No,16,Yes,Fiber optic,Month-to-month,Electronic check,No,No,No internet service,No,60.96,883.77,1
CUST01559,Male,0,Yes,No,72,Yes,Fiber optic,Two year,Electronic check,Yes,No internet service,No,No,71.15,5133.14,0
CUST01560,Male,0,Yes,Yes,20,No,DSL,Two year,Electronic check,No,No,No,No,47.62,949.34,0
CUST01561,Female,0,Yes,Yes,22,Yes,DSL,Month-to-month,Electronic check,No,Yes,Yes,Yes,68.45,1337.35,0
CUST01562,Female,1,Yes,No,22,Yes,DSL,Month-to-month,Bank transfer,No,Yes,No,Yes,82.64,1743.24,0
CUST01563,Female,0,Yes,No,48,No,Fiber optic,Month-to-month,Bank transfer,No,Yes,No internet service,No,71.82,3466.84,0
CUST01564,Male,0,No,Yes,23,Yes,No,Month-to-month,Mailed check,No,No internet service,No internet service,Yes,18.0,403.45,0
CUST01565,Male,0,Yes,No,27,Yes,Fiber optic,Month-to-month,Mailed check,No internet service,No,Yes,No,86.51,1968.5,0
CUST01566,Female,0,Yes,No,31,Yes,Fiber optic,Month-to-month,Bank transfer,No,No,No internet service,No,66.62,1931.34,0
CUST01567,Male,0,Yes,No,52,No,DSL,Two year,Bank transfer,No,No,No,No,65.14,3151.93,0
CUST01568,Male,0,No,No,27,Yes,No,Month-to-month,Credit card,No,Yes,No,No,23.64,650.5,0
CUST01569,Male,0,Yes,No,29,Yes,No,Two year,Credit card,Yes,No,Yes,Yes,29.59,997.03,0
CUST01570,Male,1,Yes,No,18,Yes,Fiber optic,Month-to-month,Credit card,Yes,No,Yes,Yes,89.57,1595.13,1
CUST01571,Female,0,Yes,No,34,Yes,DSL,Month-to-month,Credit card,No,No internet service,No,No,48.42,1475.3,0
CUST01572,Female,0,No,No,41,Yes,Fiber optic,Month-to-month,Credit card,No,No,No,No,70.65,2806.17,0
CUST01573,Male,0,No,No,43,Yes,No,Month-to-month,Mailed check,Yes,Yes,No internet service,No,35.33,1489.94,0
CUST01574,Male,1,Yes,Yes,72,No,DSL,One year,Bank transfer,No,No,Yes,Yes,61.25,4555.36,0
CUST01575,Female,1,Yes,No,15,Yes,Fiber optic,Two year,Bank transfer,No internet service,Yes,No internet service,No,81.94,1311.39,0
CUST01576,Female,0,Yes,Yes,28,Yes,No,One year,Electronic check,Yes,Yes,No,Yes,33.13,999.41,0
CUST01577,Male,0,No,No,23,Yes,Fiber optic,Two year,Mailed check,No,Yes,Yes,Yes,92.28,2159.81,0
CUST01578,Male,0,No,Yes,72,Yes,Fiber optic,Two year,Credit card,No internet service,Yes,Yes,No,102.74,7248.92,0
CUST01579,Female,0,Yes,No,45,Yes,Fiber optic,Two year,Mailed check,No,Yes,No,Yes,101.4,4945.55,0
CUST01580,Male,0,Yes,Yes,7,Yes,No,One year,Electronic check,No,No internet service,No internet service,Yes,28.71,192.06,0
CUST01581,Female,0,No,No,16,Yes,Fiber optic,One year,Mailed check,Yes,No,Yes,Yes,79.12,1245.43,0
CUST01582,Female,0,No,No,21,Yes,No,Month-to-month,Electronic check,No internet service,No,No,No,28.53,576.94,0
CUST01583,Male,0,Yes,Yes,7,Yes,Fiber optic,Month-to-month,Mailed check,Yes,Yes,No,Yes,78.14,454.44,0
CUST01584,Female,0,Yes,No,29,Yes,Fiber optic,One year,Mailed check,No,Yes,No,Yes,67.3,2086.41,0
CUST01585,Male,0,Yes,No,18,Yes,No,One year,Mailed check,No internet service,Yes,No,Yes,32.63,603.37,0
CUST01586,Female,0,No,No,72,Yes,Fiber optic,Month-to-month,Mailed check,No,Yes,No internet service,No,88.66,5196.82,0
CUST01587,Male,0,No,Yes,34,Yes,DSL,Two year,Electronic check,No,No,Yes,Yes,55.28,1973.73,0
CUST01588,Female,0,No,No,20,Yes,DSL,Month-to-month,Mailed check,No internet service,Yes,Yes,No,67.12,1287.04,0
CUST01589,Male,0,No,No,12,Yes,No,One year,Electronic check,No internet service,Yes,Yes,No,36.34,457.53,0
CUST01590,Female,0,Yes,No,26,Yes,Fiber optic,Two year,Mailed check,No,No,No internet service,Yes,74.98,1920.83,0
CUST01591,Male,0,Yes,No,72,Yes,DSL,Month-to-month,Bank transfer,Yes,No internet service,No,Yes,78.02,4971.36,0
CUST01592,Female,0,Yes,Yes,23,Yes,No,Two year,Electronic check,No,Yes,Yes,Yes,34.53,779.77,0
CUST01593,Female,0,No,Yes,26,Yes,No,Two year,Credit card,No internet service,No,No internet service,Yes,25.73,613.53,0
CUST01594,Female,0,No,No,57,Yes,No,One year,Bank transfer,Yes,No,No,Yes,25.05,1277.07,0
CUST01595,Male,0,Yes,Yes,33,Yes,Fiber optic,Two year,Electronic check,No,No,No,No,69.59,2389.92,0
CUST01596,Female,0,Yes,Yes,48,Yes,No,One year,Mailed check,Yes,No,Yes,Yes,32.62,1577.36,0
CUST01597,Male,0,No,No,36,Yes,No,Month-to-month,Electronic check,Yes,No,No internet service,Yes,21.28,831.07,0
CUST01598,Male,0,No,Yes,34,Yes,DSL,One year,Electronic check,No,No internet service,No,Yes,80.94,2620.95,0
CUST01599,Male,0,No,Yes,6,Yes,No,Month-to-month,Credit card,No,Yes,Yes,Yes,47.0,257.35,0
CUST01600,Male,0,Yes,No,11,Yes,Fiber optic,Month-to-month,Bank transfer,Yes,No,Yes,Yes,76.35,860.61,0
CUST01601,Female,0,No,No,31,Yes,No,Month-to-month,Bank transfer,Yes,No,Yes,Yes,42.47,1213.41,1
CUST01602,Male,0,No,No,13,Yes,Fiber optic,Month-to-month,Bank transfer,Yes,No internet service,No,No,74.05,922.49,0
CUST01603,Male,0,No,No,26,Yes,Fiber optic,Two year,Credit card,Yes,No,Yes,Yes,80.46,2127.01,0
CUST01604,Female,0,No,No,10,Yes,DSL,Two year,Credit card,Yes,No internet service,No,Yes,57.54,558.82,0
CUST01605,Female,0,No,Yes,57,Yes,DSL,Two year,Electronic check,No,No,No,No,57.0,3072.87,0
CUST01606,Male,1,No,No,15,Yes,DSL,Month-to-month,Electronic check,Yes,No,No internet service,Yes,49.24,651.31,0
CUST01607,Female,0,No,Yes,12,Yes,Fiber optic,One year,Mailed check,No,No internet service,No,No,58.61,735.38,1
CUST01608,Male,0,Yes,Yes,8,Yes,No,One year,Mailed check,No,No,No,Yes,27.97,213.51,0
CUST01609,Female,0,Yes,No,43,Yes,DSL,Month-to-month,Mailed check,No,No,No,Yes,57.46,2528.27,0
CUST01610,Female,0,No,No,26,Yes,DSL,One year,Electronic check,No,No,No,Yes,66.02,1740.58,0
CUST01611,Male,0,No,No,56,Yes,Fiber optic,Month-to-month,Credit card,No internet service,Yes,No internet service,No,72.88,4311.42,0
CUST01612,Female,0,Yes,Yes,18,Yes,DSL,Two year,Electronic check,No,No internet service,No internet service,No,50.22,870.97,0
CUST01613,Male,0,Yes,Yes,11,Yes,DSL,Month-to-month,Credit card,Yes,No internet service,No,Yes,65.21,685.5,0
CUST01614,Male,0,No,No,25,Yes,DSL,Two year,Mailed check,Yes,No,No,Yes,56.64,1277.83,0
CUST01615,Female,0,No,No,63,Yes,Fiber optic,Two year,Electronic check,Yes,Yes,No,Yes,86.85,5154.28,0
CUST01616,Female,0,No,No,6,Yes,Fiber optic,One year,Credit card,No internet service,Yes,No,Yes,80.27,483.49,1
CUST01617,Male,0,Yes,Yes,33,Yes,No,Month-to-month,Mailed check,No,Yes,No,Yes,48.02,1462.33,0
CUST01618,Male,0,No,Yes,35,Yes,DSL,Month-to-month,Bank transfer,No internet service,Yes,No,No,73.05,2562.13,0
CUST01619,Female,1,No,No,70,Yes,DSL,Two year,Credit card,No internet service,No,No,Yes,62.28,4720.18,0
CUST01620,Male,0,Yes,No,14,No,No,Month-to-month,Electronic check,No internet service,No internet service,Yes,Yes,39.4,523.38,0
CUST01621,Female,0,Yes,Yes,6,Yes,No,Month-to-month,Electronic check,No,No,No,No,22.82,121.58,0
CUST01622,Female,0,No,Yes,19,No,Fiber optic,Two year,Electronic check,No internet service,No,Yes,Yes,66.86,1208.17,0
CUST01623,Male,0,Yes,Yes,47,Yes,No,Two year,Electronic check,No,No internet service,No,No,27.89,1154.07,0
CUST01624,Female,0,No,Yes,27,Yes,Fiber optic,One year,Credit card,Yes,No internet service,Yes,Yes,95.53,2768.62,0
CUST01625,Male,0,No,No,38,No,No,Month-to-month,Credit card,No,No,Yes,No,18.0,674.38,0
CUST01626,Male,0,No,Yes,11,Yes,Fiber optic,Month-to-month,Mailed check,No internet service,No,Yes,Yes,83.75,855.85,1
CUST01627,Male,0,Yes,No,22,Yes,DSL,Two year,Bank transfer,No internet service,No,No,Yes,46.72,967.0,0
CUST01628,Male,0,No,No,28,Yes,DSL,Month-to-month,Credit card,No,No,No,Yes,58.81,1477.49,0
CUST01629,Female,0,Yes,No,7,Yes,Fiber optic,Month-to-month,Electronic check,No internet service,Yes,No,No,80.64,593.14,1
CUST01630,Female,0,No,No,28,Yes,No,Month-to-month,Electronic check,No,No,No,Yes,30.97,961.34,0
CUST01631,Male,0,Yes,Yes,21,No,Fiber optic,One year,Credit card,No,No,No internet service,Yes,73.68,1354.51,0
CUST01632,Male,0,No,Yes,72,Yes,DSL,Month-to-month,Bank transfer,No,No,No internet service,Yes,69.99,5306.5,0
CUST01633,Female,0,No,No,27,Yes,DSL,Two year,Electronic check,Yes,No internet service,No,Yes,68.33,1776.26,0
CUST01634,Male,0,Yes,No,72,Yes,Fiber optic,Month-to-month,Mailed check,No,No internet service,No,No,70.43,5419.46,0
CUST01635,Female,0,Yes,Yes,38,Yes,No,Month-to-month,Electronic check,No internet service,No,No internet service,No,33.76,1092.54,0
CUST01636,Male,0,No,No,24,Yes,Fiber optic,Two year,Bank transfer,No internet service,Yes,No,No,77.5,1852.15,0
CUST01637,Female,0,Yes,Yes,66,Yes,Fiber optic,Two year,Bank transfer,No,Yes,Yes,Yes,84.12,5282.36,0
CUST01638,Male,1,Yes,Yes,10,Yes,Fiber optic,One year,Electronic check,Yes,No,No,No,62.36,639.9,0
CUST01639,Female,0,Yes,No,19,Yes,No,Two year,Bank transfer,Yes,No internet service,Yes,Yes,43.5,813.51,0
CUST01640,Female,0,No,No,49,Yes,No,Month-to-month,Mailed check,No,No,No internet service,Yes,22.6,1086.98,0
CUST01641,Male,0,No,No,3,Yes,DSL,Month-to-month,Bank transfer,No,Yes,No,Yes,47.63,138.97,0
CUST01642,Female,1,Yes,No,26,Yes,Fiber optic,Month-to-month,Bank transfer,No,Yes,No internet service,No,84.34,2388.79,0
CUST01643,Female,0,No,Yes,26,Yes,No,Month-to-month,Mailed check,Yes,Yes,Yes,No,37.53,944.31,0
CUST01644,Male,0,Yes,Yes,32,Yes,No,Two year,Electronic check,Yes,No,No,Yes,22.61,752.82,0
CUST01645,Female,1,Yes,No,23,Yes,Fiber optic,Two year,Electronic check,No internet service,No,No,No,70.13,1651.7,0
CUST01646,Female,0,Yes,No,48,Yes,DSL,Month-to-month,Bank transfer,No,Yes,No internet service,No,64.31,3217.2,0
CUST01647,Female,1,Yes,No,14,Yes,Fiber optic,Month-to-month,Bank transfer,No,No,No internet service,No,93.82,1193.91,1
CUST01648,Male,0,Yes,Yes,52,Yes,Fiber optic,Two year,Electronic check,No,No internet service,Yes,No,93.3,4994.73,0
CUST01649,Male,0,No,No,11,No,DSL,One year,Credit card,No,No,No internet service,Yes,64.59,713.03,0
CUST01650,Male,0,Yes,No,34,No,No,Month-to-month,Credit card,Yes,Yes,No internet service,Yes,34.93,1064.98,0
CUST01651,Female,0,No,No,60,Yes,DSL,Month-to-month,Electronic check,Yes,No,No internet service,No,68.03,3939.48,0
CUST01652,Female,1,Yes,No,13,No,No,Month-to-month,Electronic check,No,No internet service,No,No,26.95,399.61,0
CUST01653,Female,0,Yes,No,16,Yes,Fiber optic,Month-to-month,Mailed check,No,Yes,No internet service,Yes,86.53,1318.82,1
CUST01654,Male,1,Yes,No,53,Yes,DSL,Month-to-month,Electronic check,No,Yes,Yes,No,79.47,4019.28,0
CUST01655,Female,0,No,No,31,Yes,Fiber optic,Month-to-month,Credit card,No,No,Yes,No,81.03,2540.94,0
CUST01656,Female,0,No,Yes,6,Yes,Fiber optic,Month-to-month,Bank transfer,No,No,Yes,Yes,87.52,494.74,0
CUST01657,Male,1,Yes,No,31,Yes,No,Month-to-month,Electronic check,No,No internet service,No,Yes,21.64,664.02,0
CUST01658,Male,0,Yes,No,42,No,Fiber optic,Month-to-month,Mailed check,No internet service,No,No internet service,Yes,72.47,2887.22,0
CUST01659,Male,1,Yes,No,55,Yes,DSL,Month-to-month,Electronic check,No,Yes,No,Yes,59.16,3280.37,0
CUST01660,Female,0,No,No,33,Yes,No,Month-to-month,Mailed check,No internet service,No internet service,No,Yes,18.09,582.44,0
CUST01661,Male,0,Yes,No,39,Yes,Fiber optic,Two year,Electronic check,No,No,No internet service,Yes,51.77,2254.53,0
CUST01662,Male,0,No,Yes,72,Yes,DSL,Two year,Credit card,Yes,No,No,No,62.65,4435.11,0
CUST01663,Female,0,Yes,No,50,Yes,No,Month-to-month,Bank transfer,Yes,Yes,No,Yes,38.85,1873.38,0
CUST01664,Male,0,Yes,No,22,Yes,DSL,Month-to-month,Credit card,No,No,No,No,67.68,1566.48,0
CUST01665,Male,0,No,No,24,Yes,DSL,One year,Electronic check,No,No internet service,No,Yes,50.18,1062.96,0
CUST01666,Female,0,Yes,No,59,Yes,Fiber optic,Month-to-month,Mailed check,No,Yes,No,No,83.52,5412.67,0
CUST01667,Male,0,Yes,No,33,Yes,Fiber optic,One year,Credit card,Yes,No,No internet service,Yes,71.99,2163.78,0
CUST01668,Male,1,No,Yes,30,Yes,Fiber optic,Two year,Mailed check,No,No internet service,No,No,77.9,2485.33,0
CUST01669,Male,0,Yes,No,21,Yes,No,Month-to-month,Mailed check,Yes,No,No,Yes,19.79,449.65,0
CUST01670,Male,0,Yes,No,57,Yes,DSL,Month-to-month,Credit card,No,Yes,No,Yes,64.31,3457.44,0
CUST01671,Male,1,Yes,No,14,Yes,No,Month-to-month,Bank transfer,No,Yes,No internet service,Yes,20.57,273.56,1
CUST01672,Male,0,No,No,19,Yes,DSL,One year,Credit card,Yes,No,No,Yes,53.26,983.97,0
CUST01673,Female,0,No,No,57,Yes,DSL,Month-to-month,Mailed check,No,No,No internet service,No,59.02,3443.23,0
CUST01674,Male,0,Yes,No,57,Yes,DSL,One year,Bank transfer,No,Yes,No,Yes,68.39,3547.92,0
CUST01675,Male,0,No,No,72,Yes,DSL,Month-to-month,Mailed check,No,Yes,Yes,No,61.51,4306.28,0
CUST01676,Male,0,No,Yes,26,Yes,Fiber optic,One year,Mailed check,No,No,No,Yes,67.91,1691.61,0
CUST01677,Female,0,No,Yes,22,Yes,No,One year,Electronic check,Yes,No,Yes,Yes,34.28,678.3,1
CUST01678,Female,0,No,No,23,No,No,Month-to-month,Credit card,Yes,Yes,Yes,No,52.26,1090.02,0
CUST01679,Male,0,No,Yes,6,Yes,Fiber optic,Two year,Mailed check,No,No,Yes,Yes,73.24,434.6,1
CUST01680,Male,0,No,No,3,No,DSL,Two year,Bank transfer,No,No,No,No,62.92,186.45,0
CUST01681,Male,0,Yes,Yes,33,Yes,No,Month-to-month,Credit card,No,Yes,No,Yes,28.51,871.7,0
CUST01682,Female,0,Yes,No,20,No,Fiber optic,Two year,Bank transfer,No,Yes,No,Yes,76.43,1506.51,0
CUST01683,Female,0,No,Yes,15,Yes,Fiber optic,Two year,Electronic check,No,No internet service,No,No,64.98,911.07,0
CUST01684,Male,1,Yes,Yes,29,Yes,Fiber optic,Month-to-month,Bank transfer,No,No internet service,No,Yes,63.65,1977.82,0
CUST01685,Female,0,No,No,34,Yes,DSL,One year,Mailed check,Yes,No,No internet service,No,55.2,1825.73,0
CUST01686,Male,0,Yes,No,25,Yes,Fiber optic,One year,Electronic check,No,No internet service,No internet service,Yes,80.38,2123.69,0
CUST01687,Female,0,No,Yes,25,Yes,No,One year,Electronic check,No,No,No,No,18.96,408.36,0
CUST01688,Female,0,Yes,Yes,20,Yes,DSL,Two year,Bank transfer,No,No internet service,Yes,Yes,59.71,1197.3,0
CUST01689,Male,0,No,Yes,45,Yes,Fiber optic,Month-to-month,Bank transfer,No internet service,No internet service,No internet service,Yes,73.67,3387.17,0
CUST01690,Female,0,Yes,No,18,No,No,Month-to-month,Credit card,No,No,No internet service,Yes,25.04,437.36,0
CUST01691,Male,1,Yes,Yes,12,Yes,Fiber optic,Month-to-month,Mailed check,Yes,No,Yes,No,79.45,898.37,0
CUST01692,Male,0,No,No,20,Yes,Fiber optic,Two year,Mailed check,No internet service,Yes,No,No,82.03,1590.12,0
CUST01693,Male,0,No,No,32,Yes,Fiber optic,Month-to-month,Electronic check,No,No,No,No,63.92,2110.84,1
CUST01694,Female,0,No,No,46,Yes,No,Month-to-month,Credit card,Yes,No,No,No,18.0,741.28,0
CUST01695,Female,0,No,No,72,No,Fiber optic,Month-to-month,Credit card,No,No,No,No,79.89,5919.09,0
CUST01696,Male,0,Yes,Yes,29,Yes,Fiber optic,One year,Credit card,No,Yes,Yes,No,86.83,2523.83,0
CUST01697,Female,0,No,No,72,Yes,DSL,Month-to-month,Mailed check,No internet service,No internet service,Yes,Yes,71.77,4969.76,0
CUST01698,Female,0,Yes,No,17,Yes,No,Month-to-month,Electronic check,No internet service,No internet service,No,Yes,34.79,570.57,0
CUST01699,Female,1,No,Yes,14,Yes,No,Month-to-month,Bank transfer,No,Yes,No,No,39.77,548.06,0
CUST01700,Male,1,Yes,No,37,Yes,Fiber optic,Month-to-month,Mailed check,Yes,No,No,Yes,61.04,2475.53,1
CUST01701,Female,0,Yes,No,41,Yes,No,Month-to-month,Mailed check,No,No internet service,Yes,No,32.07,1320.6,0
CUST01702,Female,0,No,No,31,Yes,Fiber optic,Month-to-month,Electronic check,Yes,No,No,Yes,80.33,2276.1,0
CUST01703,Male,0,No,No,72,Yes,No,One year,Electronic check,No,No internet service,No internet service,Yes,29.18,1994.92,0
CUST01704,Female,1,Yes,Yes,17,Yes,DSL,Month-to-month,Mailed check,No internet service,No,Yes,No,68.47,1047.45,0
CUST01705,Male,0,No,No,64,Yes,DSL,Month-to-month,Credit card,Yes,Yes,No,Yes,53.88,2923.19,0
CUST01706,Male,0,No,No,15,Yes,No,One year,Bank transfer,No internet service,No,No,No,20.07,270.54,0
CUST01707,Male,0,Yes,No,44,Yes,Fiber optic,Month-to-month,Bank transfer,No,No,Yes,No,80.55,3503.11,0
CUST01708,Male,0,No,Yes,28,Yes,Fiber optic,Month-to-month,Electronic check,Yes,Yes,No internet service,No,68.59,2053.38,0
CUST01709,Female,0,Yes,Yes,33,Yes,Fiber optic,Month-to-month,Bank transfer,No internet service,No internet service,No internet service,No,78.35,2714.06,0
CUST01710,Female,1,Yes,No,38,Yes,Fiber optic,Month-to-month,Mailed check,No,No,No,Yes,71.06,2427.91,0
CUST01711,Female,0,No,Yes,29,Yes,Fiber optic,Month-to-month,Electronic check,No,No,No,Yes,56.16,1505.13,0
CUST01712,Female,1,Yes,Yes,25,Yes,Fiber optic,Two year,Mailed check,No,No,Yes,No,75.47,1725.04,0
CUST01713,Male,0,Yes,No,5,Yes,Fiber optic,Month-to-month,Electronic check,Yes,No,No,Yes,69.71,278.59,0
CUST01714,Male,0,No,No,51,Yes,DSL,One year,Credit card,Yes,No,Yes,Yes,65.96,3257.21,0
CUST01715,Male,0,Yes,Yes,9,Yes,DSL,Two year,Credit card,No,No,No,Yes,70.36,656.18,0
CUST01716,Male,0,No,No,21,Yes,Fiber optic,Month-to-month,Electronic check,No internet service,No,Yes,No,84.63,1710.29,0
CUST01717,Male,0,No,No,35,Yes,No,Two year,Bank transfer,No,No internet service,No,No,18.0,561.49,0
CUST01718,Female,0,Yes,No,11,Yes,Fiber optic,Month-to-month,Mailed check,No internet service,No internet service,No internet service,Yes,60.08,608.56,0
CUST01719,Female,0,No,Yes,25,Yes,Fiber optic,One year,Electronic check,No internet service,No,Yes,Yes,77.87,1863.0,0
CUST01720,Male,0,Yes,Yes,48,Yes,Fiber optic,Two year,Bank transfer,Yes,No,No,No,73.01,3623.34,0
CUST01721,Female,0,No,No,20,Yes,DSL,Month-to-month,Bank transfer,No,No internet service,No internet service,Yes,66.94,1294.89,1
CUST01722,Male,0,Yes,Yes,25,Yes,Fiber optic,Two year,Bank transfer,No,Yes,Yes,Yes,101.84,2608.23,0
CUST01723,Male,0,No,No,13,Yes,DSL,Month-to-month,Electronic check,No,Yes,No internet service,Yes,81.27,1029.36,0
CUST01724,Male,1,Yes,Yes,22,Yes,Fiber optic,One year,Mailed check,No,Yes,No,No,76.46,1676.36,0
CUST01725,Male,0,No,No,9,Yes,DSL,Month-to-month,Electronic check,No,No,No,Yes,66.48,546.98,1
CUST01726,Male,0,Yes,No,32,Yes,Fiber optic,Month-to-month,Electronic check,No internet service,No,No,Yes,75.41,2249.01,1
CUST01727,Male,0,Yes,No,8,Yes,Fiber optic,Month-to-month,Electronic check,No internet service,No,Yes,Yes,71.27,508.64,0
CUST01728,Male,0,Yes,No,17,Yes,No,Two year,Electronic check,No,No,Yes,Yes,18.0,312.77,0
CUST01729,Female,0,No,No,29,Yes,Fiber optic,One year,Electronic check,No internet service,Yes,No,No,81.15,2258.31,0
CUST01730,Female,1,No,No,24,Yes,No,Two year,Mailed check,No,No,No,No,18.0,314.57,0
CUST01731,Male,0,Yes,No,36,Yes,Fiber optic,Month-to-month,Bank transfer,No internet service,Yes,No internet service,No,73.19,2670.89,1
CUST01732,Male,0,Yes,No,26,Yes,Fiber optic,Month-to-month,Electronic check,No,No,No,Yes,66.52,1812.87,1
CUST01733,Male,0,Yes,No,5,Yes,DSL,Month-to-month,Electronic check,No internet service,Yes,Yes,Yes,76.75,354.27,1
CUST01734,Male,0,Yes,No,11,Yes,DSL,Month-to-month,Credit card,No internet service,Yes,Yes,Yes,85.24,950.41,0
CUST01735,Male,0,No,No,28,No,DSL,Month-to-month,Credit card,No,Yes,No internet service,Yes,67.1,1813.64,0
CUST01736,Male,0,No,Yes,56,Yes,DSL,Two year,Electronic check,No internet service,No,Yes,No,62.69,2919.98,0
CUST01737,Male,0,No,No,50,Yes,Fiber optic,Two year,Mailed check,No,Yes,No internet service,Yes,63.45,3542.76,0
CUST01738,Female,0,Yes,No,72,Yes,Fiber optic,Month-to-month,Electronic check,No,No,Yes,No,83.67,5817.85,0
CUST01739,Female,0,Yes,No,19,Yes,Fiber optic,Month-to-month,Credit card,Yes,No internet service,Yes,Yes,80.23,1515.37,1
CUST01740,Female,0,No,No,46,Yes,DSL,One year,Mailed check,No,No,Yes,Yes,62.6,2696.11,0
CUST01741,Female,0,Yes,No,44,Yes,Fiber optic,One year,Electronic check,No,Yes,No,Yes,89.33,3770.6,0
CUST01742,Male,0,No,No,72,Yes,DSL,One year,Bank transfer,No,No,No,Yes,49.47,3530.91,0
CUST01743,Female,0,Yes,Yes,62,Yes,Fiber optic,Month-to-month,Bank transfer,No,Yes,No internet service,Yes,74.52,4190.66,0
CUST01744,Female,0,Yes,No,34,Yes,Fiber optic,Month-to-month,Electronic check,Yes,No internet service,No,Yes,70.04,2616.11,0
CUST01745,Female,0,No,Yes,41,Yes,DSL,Month-to-month,Electronic check,No,No,Yes,No,62.5,2661.59,0
CUST01746,Male,0,Yes,No,36,Yes,DSL,Two year,Mailed check,No internet service,No,No,Yes,63.41,2319.69,0
CUST01747,Male,0,No,Yes,27,Yes,No,One year,Electronic check,Yes,Yes,No,Yes,36.71,961.51,0
CUST01748,Female,0,Yes,No,39,Yes,Fiber optic,Two year,Electronic check,No,No,No,Yes,80.41,2906.17,0
CUST01749,Male,1,Yes,Yes,31,Yes,Fiber optic,Month-to-month,Credit card,Yes,No,No internet service,Yes,76.02,2479.41,0
CUST01750,Male,0,Yes,No,30,Yes,DSL,Month-to-month,Bank transfer,No internet service,Yes,No internet service,No,66.08,2027.5,1
CUST01751,Male,0,Yes,No,72,Yes,DSL,Month-to-month,Bank transfer,No,No,No,Yes,56.28,3857.82,0
CUST01752,Male,0,No,No,34,Yes,Fiber optic,Two year,Bank transfer,No internet service,No,No,No,75.64,2325.09,0
CUST01753,Male,0,Yes,Yes,29,Yes,No,Month-to-month,Mailed check,No,No internet service,No,No,23.48,592.19,0
CUST01754,Female,0,No,Yes,24,No,DSL,One year,Mailed check,No internet service,No internet service,No,Yes,59.38,1399.47,0
CUST01755,Male,0,No,No,23,Yes,DSL,Month-to-month,Bank transfer,No,Yes,No,Yes,71.08,1573.66,0
CUST01756,Female,0,Yes,No,10,Yes,No,Month-to-month,Electronic check,No,Yes,Yes,Yes,42.11,447.63,0
CUST01757,Female,0,Yes,No,27,Yes,Fiber optic,Month-to-month,Electronic check,Yes,No,Yes,Yes,82.47,2336.81,0
CUST01758,Male,0,Yes,No,58,Yes,DSL,Month-to-month,Electronic check,No,No internet service,No internet service,Yes,52.67,3002.08,0
CUST01759,Male,0,No,No,18,Yes,Fiber optic,Two year,Bank transfer,No,Yes,No internet service,No,90.8,1592.43,0
CUST01760,Male,0,No,No,72,Yes,Fiber optic,Two year,Bank transfer,No,No,Yes,No,71.15,4607.21,0
CUST01761,Female,0,Yes,No,3,Yes,No,One year,Mailed check,Yes,No,No internet service,Yes,28.51,90.17,0
CUST01762,Female,1,No,No,38,Yes,DSL,Month-to-month,Mailed check,No,Yes,No internet service,No,63.11,2340.69,0
CUST01763,Female,0,Yes,No,32,Yes,No,Two year,Credit card,No,Yes,Yes,No,49.66,1624.67,0
CUST01764,Male,0,Yes,No,72,Yes,DSL,Month-to-month,Electronic check,No,No,No internet service,Yes,66.07,5053.77,0
CUST01765,Male,0,Yes,Yes,17,Yes,No,Two year,Mailed check,No,No,No internet service,Yes,24.98,399.35,0
CUST01766,Male,0,No,Yes,9,Yes,No,One year,Bank transfer,No,No,No,Yes,37.44,310.69,0
CUST01767,Male,1,Yes,No,23,Yes,No,Month-to-month,Bank transfer,No,Yes,No internet service,Yes,31.5,835.21,0
CUST01768,Female,0,Yes,No,21,Yes,No,Month-to-month,Mailed check,No,No,No,Yes,32.05,687.6,0
CUST01769,Female,0,Yes,No,6,Yes,Fiber optic,Month-to-month,Electronic check,No,No,No,Yes,66.19,381.45,1
CUST01770,Female,0,No,No,30,Yes,DSL,Month-to-month,Credit card,No internet service,No,No,No,62.24,1991.92,0
CUST01771,Female,0,Yes,Yes,19,Yes,DSL,Two year,Mailed check,No,No internet service,No,Yes,51.54,938.54,0
CUST01772,Female,0,Yes,Yes,67,Yes,Fiber optic,One year,Credit card,No,Yes,Yes,No,88.16,5923.16,0
CUST01773,Female,0,Yes,No,30,Yes,Fiber optic,Month-to-month,Bank transfer,No,No,No,Yes,71.59,2019.32,0
CUST01774,Female,0,No,No,15,Yes,DSL,Month-to-month,Credit card,No,No internet service,No internet service,Yes,66.03,969.46,0
CUST01775,Male,0,Yes,Yes,27,Yes,Fiber optic,Two year,Electronic check,Yes,Yes,No internet service,Yes,74.63,1936.05,0
CUST01776,Female,0,No,No,32,Yes,Fiber optic,Month-to-month,Mailed check,No,No internet service,Yes,Yes,104.59,3103.79,0
CUST01777,Female,0,Yes,No,41,Yes,No,Month-to-month,Electronic check,No,No,No,Yes,18.0,735.79,0
CUST01778,Female,1,Yes,No,28,Yes,Fiber optic,One year,Electronic check,No,Yes,Yes,Yes,89.86,2353.29,1
CUST01779,Female,0,No,No,72,No,No,Month-to-month,Electronic check,Yes,Yes,No,Yes,35.3,2593.24,0
CUST01780,Male,0,No,No,10,Yes,Fiber optic,Month-to-month,Mailed check,No,No,Yes,Yes,84.3,808.17,1
CUST01781,Female,0,Yes,No,19,No,No,Month-to-month,Mailed check,No,No internet service,No internet service,Yes,20.88,341.02,0
CUST01782,Female,0,No,No,15,Yes,Fiber optic,Month-to-month,Bank transfer,No internet service,No internet service,No,Yes,73.93,1134.97,0
CUST01783,Female,0,No,No,22,Yes,DSL,Two year,Electronic check,No internet service,No,No,Yes,54.48,1228.08,0
CUST01784,Male,0,Yes,No,34,Yes,DSL,Two year,Electronic check,No,Yes,No,Yes,81.99,3171.66,0
CUST01785,Male,1,No,Yes,33,Yes,No,Two year,Mailed check,No,No,Yes,Yes,27.92,904.08,0
CUST01786,Female,0,No,No,40,No,Fiber optic,Two year,Bank transfer,No,No,Yes,Yes,78.82,3130.2,0
CUST01787,Female,0,Yes,No,30,Yes,No,Month-to-month,Electronic check,No internet service,Yes,Yes,Yes,35.69,1085.16,0
CUST01788,Female,0,No,No,31,Yes,No,Month-to-month,Bank transfer,No,Yes,No,No,26.6,866.97,0
CUST01789,Female,0,Yes,Yes,30,Yes,Fiber optic,One year,Electronic check,Yes,No,No internet service,No,60.79,1909.42,0
CUST01790,Male,0,Yes,No,20,Yes,Fiber optic,Month-to-month,Bank transfer,No internet service,No,Yes,Yes,85.38,1711.55,1
CUST01791,Male,0,No,Yes,19,Yes,No,Two year,Bank transfer,Yes,No,No,Yes,19.62,364.46,0
CUST01792,Male,1,No,No,15,Yes,No,Month-to-month,Mailed check,No internet service,No,Yes,No,26.62,414.87,1
CUST01793,Female,0,No,No,42,Yes,Fiber optic,Month-to-month,Bank transfer,No,Yes,No,Yes,72.29,2959.6,1
CUST01794,Female,0,No,No,4,Yes,DSL,One year,Credit card,No,Yes,No,Yes,69.44,247.14,0
CUST01795,Female,0,No,No,31,Yes,DSL,Two year,Electronic check,No internet service,No,No internet service,No,59.17,1604.83,0
CUST01796,Female,1,Yes,Yes,47,Yes,Fiber optic,One year,Mailed check,No,No,No internet service,Yes,72.21,3256.32,1
CUST01797,Male,0,No,No,55,Yes,No,One year,Credit card,No,Yes,No,Yes,26.91,1462.88,0
CUST01798,Female,0,No,No,2,Yes,No,Month-to-month,Credit card,No,No internet service,No,Yes,28.48,65.68,1
CUST01799,Female,1,No,No,20,Yes,Fiber optic,One year,Bank transfer,No,No,Yes,Yes,74.7,1451.57,0
CUST01800,Male,0,Yes,No,15,Yes,DSL,One year,Electronic check,Yes,Yes,Yes,Yes,75.56,1114.43,0
CUST01801,Female,1,Yes,No,19,Yes,Fiber optic,Month-to-month,Electronic check,No,Yes,No internet service,Yes,78.88,1426.33,1
CUST01802,Female,0,Yes,No,63,Yes,No,Two year,Credit card,No,No internet service,No,No,18.0,1160.44,0
CUST01803,Female,0,Yes,No,16,Yes,Fiber optic,Month-to-month,Bank transfer,No,No,No,Yes,88.23,1411.15,0
CUST01804,Female,0,Yes,No,47,Yes,DSL,Month-to-month,Electronic check,No,Yes,Yes,Yes,79.6,3499.21,0
CUST01805,Female,0,No,No,31,No,Fiber optic,Two year,Electronic check,No internet service,No,Yes,Yes,81.44,2295.4,0
CUST01806,Female,0,No,No,19,Yes,Fiber optic,Month-to-month,Bank transfer,No internet service,Yes,No,No,82.7,1495.62,1
CUST01807,Female,0,Yes,No,17,Yes,Fiber optic,One year,Bank transfer,No,No internet service,No,Yes,88.42,1384.34,0
CUST01808,Female,0,Yes,No,33,No,No,Month-to-month,Credit card,No internet service,No internet service,No internet service,Yes,34.09,1084.27,1
CUST01809,Female,0,No,No,26,Yes,No,Two year,Mailed check,No,No internet service,No,Yes,27.79,715.24,0
CUST01810,Male,0,Yes,No,6,Yes,DSL,Month-to-month,Mailed check,No,No,No internet service,Yes,53.33,302.35,1
CUST01811,Female,0,No,No,13,Yes,DSL,Month-to-month,Electronic check,No,No,Yes,Yes,62.6,880.38,0
CUST01812,Male,0,Yes,Yes,34,Yes,Fiber optic,Two year,Mailed check,No internet service,No,Yes,Yes,65.57,2365.72,0
CUST01813,Male,0,Yes,No,10,Yes,DSL,One year,Electronic check,No,No internet service,Yes,No,64.05,617.4,0
CUST01814,Female,1,Yes,No,51,Yes,Fiber optic,Month-to-month,Electronic check,No,Yes,Yes,No,93.29,4341.52,0
CUST01815,Male,0,No,No,7,No,DSL,Month-to-month,Electronic check,No internet service,Yes,No internet service,Yes,72.07,493.35,0
CUST01816,Female,0,Yes,Yes,23,Yes,DSL,Month-to-month,Electronic check,No,No internet service,No internet service,No,63.93,1427.22,0
CUST01817,Female,0,No,Yes,43,Yes,No,Two year,Credit card,No,No internet service,No,No,20.88,875.94,0
CUST01818,Female,0,Yes,No,12,Yes,DSL,One year,Electronic check,No,No,No,Yes,63.41,724.5,1
CUST01819,Female,0,Yes,Yes,9,No,No,Two year,Mailed check,No,No,No,Yes,31.59,257.74,0
CUST01820,Female,0,No,No,38,No,DSL,Two year,Bank transfer,Yes,Yes,No,Yes,49.18,1836.03,0
CUST01821,Female,0,Yes,No,48,Yes,DSL,Month-to-month,Electronic check,No,No,Yes,Yes,69.44,3184.59,0
CUST01822,Male,1,Yes,No,24,Yes,DSL,One year,Mailed check,No,Yes,No,No,83.65,1930.64,0
CUST01823,Female,0,No,Yes,20,Yes,DSL,One year,Credit card,Yes,No,Yes,Yes,64.67,1276.04,0
CUST01824,Male,0,No,No,7,Yes,Fiber optic,Two year,Bank transfer,No internet service,No,No internet service,Yes,51.83,353.79,0
CUST01825,Male,1,Yes,No,29,Yes,No,One year,Mailed check,Yes,No internet service,No,Yes,18.5,528.48,0
CUST01826,Male,1,Yes,No,5,No,No,Month-to-month,Credit card,Yes,No internet service,No,Yes,18.0,85.7,0
CUST01827,Female,0,No,Yes,64,Yes,DSL,Two year,Credit card,No,No internet service,No internet service,No,53.93,3469.5,0
CUST01828,Male,0,No,Yes,25,Yes,DSL,One year,Credit card,No internet service,No internet service,Yes,Yes,57.21,1329.78,0
CUST01829,Male,0,No,No,13,No,DSL,Two year,Mailed check,No internet service,Yes,Yes,Yes,82.45,968.79,0
CUST01830,Male,0,No,No,17,Yes,Fiber optic,Month-to-month,Bank transfer,Yes,Yes,No,No,86.23,1345.27,0
CUST01831,Female,0,No,Yes,30,Yes,DSL,Month-to-month,Mailed check,No,No,No,No,61.74,1727.42,0
CUST01832,Male,0,Yes,No,19,Yes,DSL,One year,Electronic check,No,Yes,No,Yes,76.81,1298.64,0
CUST01833,Male,0,Yes,Yes,27,Yes,No,Two year,Mailed check,No,No,Yes,Yes,28.48,662.47,0
CUST01834,Female,0,No,No,11,Yes,No,Month-to-month,Credit card,No,No,Yes,No,33.59,375.12,0
CUST01835,Female,0,No,Yes,56,Yes,Fiber optic,Month-to-month,Electronic check,No,No internet service,No,Yes,89.56,5362.41,1
CUST01836,Female,0,No,No,17,Yes,DSL,One year,Credit card,No,No,No,No,63.68,1103.17,0
CUST01837,Male,0,No,No,3,Yes,Fiber optic,Two year,Credit card,Yes,No,Yes,No,84.66,240.31,0
CUST01838,Female,0,Yes,Yes,21,Yes,DSL,Month-to-month,Electronic check,No,No,No internet service,No,52.86,954.48,0
CUST01839,Female,0,No,No,15,Yes,Fiber optic,Month-to-month,Electronic check,No,No,No,No,68.67,1023.29,1
CUST01840,Male,1,No,Yes,54,Yes,Fiber optic,Month-to-month,Credit card,No internet service,Yes,Yes,No,79.98,3746.61,0
CUST01841,Female,1,Yes,No,13,Yes,DSL,Month-to-month,Electronic check,No,No,No,Yes,72.45,917.3,0
CUST01842,Female,1,No,Yes,19,Yes,No,Month-to-month,Bank transfer,No,No,No,No,18.0,316.02,0
CUST01843,Male,1,No,Yes,31,No,Fiber optic,Month-to-month,Electronic check,No,Yes,No,No,87.31,2220.39,1
CUST01844,Male,1,Yes,No,40,Yes,No,One year,Electronic check,Yes,No,No,Yes,29.65,1285.19,0
CUST01845,Male,0,No,Yes,66,Yes,DSL,Month-to-month,Electronic check,No,No internet service,Yes,No,54.17,3189.43,0
CUST01846,Male,0,No,No,14,Yes,Fiber optic,Month-to-month,Electronic check,No,Yes,No,No,89.14,1191.92,1
CUST01847,Female,0,No,Yes,62,No,DSL,Two year,Credit card,No,No,No,No,56.93,3427.2,0
CUST01848,Male,0,Yes,No,52,No,Fiber optic,Month-to-month,Electronic check,No internet service,Yes,No,Yes,69.43,3419.26,1
CUST01849,Male,0,No,No,15,Yes,DSL,Two year,Electronic check,No,No,No,Yes,61.92,940.43,0
CUST01850,Female,0,Yes,No,14,Yes,DSL,Month-to-month,Bank transfer,No internet service,No internet service,No,No,52.42,681.14,0
CUST01851,Female,1,No,Yes,36,Yes,No,Two year,Credit card,No,No,Yes,No,31.36,1136.56,1
CUST01852,Female,0,Yes,Yes,27,Yes,Fiber optic,Two year,Mailed check,Yes,No internet service,Yes,Yes,75.95,2055.36,0
CUST01853,Female,1,No,No,36,Yes,Fiber optic,Month-to-month,Bank transfer,No,No internet service,Yes,Yes,72.97,2321.03,0
CUST01854,Female,0,No,No,21,Yes,Fiber optic,One year,Electronic check,No internet service,Yes,No,No,70.49,1475.12,0
CUST01855,Female,0,No,No,29,Yes,Fiber optic,One year,Credit card,No,No,No,Yes,78.37,2059.6,0
CUST01856,Male,0,No,Yes,25,No,Fiber optic,Month-to-month,Bank transfer,No,No internet service,No,No,74.6,1675.53,0
CUST01857,Female,0,Yes,Yes,35,Yes,Fiber optic,Two year,Credit card,No,No internet service,Yes,No,82.09,2874.13,0
CUST01858,Male,0,No,No,13,Yes,DSL,Month-to-month,Bank transfer,Yes,No,No,Yes,56.09,693.74,0
CUST01859,Male,0,Yes,No,30,Yes,Fiber optic,Month-to-month,Credit card,Yes,Yes,Yes,No,88.41,2668.49,0
CUST01860,Male,1,No,No,65,Yes,DSL,Two year,Mailed check,Yes,Yes,Yes,Yes,69.11,4522.34,0
CUST01861,Male,0,Yes,Yes,63,Yes,Fiber optic,Month-to-month,Bank transfer,Yes,Yes,No,Yes,73.97,4101.08,0
CUST01862,Female,0,No,Yes,33,Yes,Fiber optic,Month-to-month,Bank transfer,No,No,Yes,Yes,93.68,3189.88,1
CUST01863,Male,0,Yes,No,13,Yes,DSL,Month-to-month,Electronic check,No,No,Yes,Yes,74.08,962.99,0
CUST01864,Female,0,No,No,72,Yes,No,Two year,Credit card,No internet service,No,No,No,20.51,1386.54,0
CUST01865,Male,0,No,Yes,35,Yes,Fiber optic,Month-to-month,Bank transfer,No internet service,No internet service,Yes,Yes,68.03,2310.78,1
CUST01866,Female,0,Yes,No,72,Yes,Fiber optic,Month-to-month,Credit card,No internet service,Yes,No internet service,No,66.39,4941.84,0
CUST01867,Female,0,Yes,No,36,Yes,No,One year,Mailed check,Yes,No internet service,No internet service,Yes,19.93,687.08,0
CUST01868,Male,0,No,No,2,Yes,DSL,One year,Credit card,No,Yes,No,No,67.86,153.1,0
CUST01869,Female,0,No,No,72,Yes,DSL,Month-to-month,Electronic check,Yes,Yes,Yes,Yes,75.95,5929.65,0
CUST01870,Male,0,Yes,No,48,Yes,DSL,Two year,Credit card,No,No internet service,No,Yes,60.19,2854.96,0
CUST01871,Female,0,Yes,No,28,Yes,Fiber optic,Month-to-month,Electronic check,No,Yes,No,Yes,82.67,2231.52,0
CUST01872,Female,0,Yes,No,5,Yes,DSL,One year,Bank transfer,No,Yes,No,Yes,58.69,283.79,0
CUST01873,Male,0,No,No,51,Yes,No,One year,Electronic check,No,No internet service,Yes,Yes,45.06,2155.48,0
CUST01874,Male,0,No,Yes,36,Yes,DSL,Month-to-month,Bank transfer,No internet service,No internet service,Yes,No,65.42,2328.66,0
CUST01875,Female,0,Yes,No,72,Yes,Fiber optic,Two year,Mailed check,Yes,No internet service,Yes,No,82.36,6096.72,0
CUST01876,Female,0,No,No,72,Yes,Fiber optic,One year,Credit card,No internet service,Yes,No,Yes,74.75,4765.96,0
CUST01877,Female,0,No,No,72,Yes,DSL,Month-to-month,Credit card,Yes,Yes,No,Yes,69.49,5128.33,0
CUST01878,Male,0,No,No,32,Yes,Fiber optic,Month-to-month,Mailed check,No internet service,Yes,No internet service,Yes,96.62,3232.05,0
CUST01879,Male,0,Yes,No,31,Yes,Fiber optic,Month-to-month,Credit card,No,Yes,Yes,No,80.09,2532.58,1
CUST01880,Female,1,Yes,No,37,No,Fiber optic,Two year,Bank transfer,Yes,No internet service,No,No,63.08,2266.05,0
CUST01881,Female,0,Yes,No,16,Yes,Fiber optic,Month-to-month,Mailed check,No,Yes,Yes,Yes,81.08,1319.52,1
CUST01882,Female,1,Yes,No,28,Yes,Fiber optic,Two year,Mailed check,No,No,Yes,Yes,77.33,2318.86,0
CUST01883,Female,0,Yes,No,24,Yes,Fiber optic,Month-to-month,Electronic check,No internet service,Yes,No,Yes,75.83,1776.11,0
CUST01884,Male,0,Yes,No,60,Yes,Fiber optic,Two year,Electronic check,No,No,Yes,Yes,71.67,4221.3,0
CUST01885,Male,0,Yes,Yes,69,Yes,Fiber optic,Two year,Mailed check,No internet service,Yes,No internet service,Yes,79.6,6202.45,0
CUST01886,Female,0,No,No,44,Yes,Fiber optic,Month-to-month,Mailed check,No,Yes,No internet service,Yes,92.49,4075.69,0
CUST01887,Male,1,Yes,No,14,Yes,DSL,Month-to-month,Mailed check,No internet service,Yes,Yes,No,73.8,939.68,0
CUST01888,Female,0,No,Yes,72,Yes,Fiber optic,Two year,Credit card,No,No internet service,Yes,Yes,79.23,5939.06,0
CUST01889,Female,0,Yes,No,51,No,DSL,Month-to-month,Electronic check,No,No,Yes,No,69.74,3585.68,0
CUST01890,Female,0,No,No,35,Yes,No,Month-to-month,Credit card,No internet service,No,No internet service,No,30.18,986.71,0
CUST01891,Female,0,Yes,Yes,41,Yes,DSL,Two year,Credit card,No,Yes,Yes,Yes,85.99,3182.63,0
CUST01892,Female,0,No,Yes,8,Yes,Fiber optic,Two year,Bank transfer,Yes,No,No,Yes,73.92,589.41,0
CUST01893,Male,1,No,Yes,24,Yes,DSL,One year,Mailed check,No,No,Yes,Yes,66.98,1568.61,0
CUST01894,Male,0,Yes,No,64,Yes,DSL,Two year,Electronic check,No,No,No,No,51.07,2918.43,0
CUST01895,Female,0,No,No,8,Yes,DSL,One year,Credit card,No internet service,No,Yes,Yes,72.92,568.08,0
CUST01896,Male,0,Yes,No,8,No,Fiber optic,Two year,Bank transfer,No,No internet service,No internet service,No,65.24,505.95,0
CUST01897,Male,0,No,Yes,51,Yes,DSL,Month-to-month,Credit card,No internet service,No internet service,No,No,52.0,2587.37,0
CUST01898,Male,0,Yes,Yes,39,Yes,DSL,Two year,Electronic check,No internet service,No internet service,Yes,Yes,68.55,2711.98,0
CUST01899,Male,1,Yes,No,8,Yes,DSL,One year,Mailed check,No,No,Yes,Yes,79.33,543.68,0
CUST01900,Female,0,Yes,Yes,23,Yes,DSL,One year,Mailed check,Yes,Yes,No,Yes,72.81,1510.77,0
CUST01901,Male,0,No,No,35,Yes,No,Two year,Bank transfer,Yes,Yes,No,Yes,32.7,1082.6,0
CUST01902,Male,0,Yes,No,32,Yes,Fiber optic,Month-to-month,Bank transfer,No internet service,Yes,No internet service,Yes,72.15,2476.96,0
CUST01903,Male,0,No,No,37,Yes,Fiber optic,One year,Electronic check,No,No,No,No,84.18,3568.61,0
CUST01904,Female,0,Yes,No,22,Yes,Fiber optic,Month-to-month,Electronic check,No,No,No internet service,Yes,71.55,1543.15,0
CUST01905,Female,0,Yes,No,33,No,Fiber optic,Month-to-month,Electronic check,No internet service,No,Yes,Yes,77.68,2520.34,0
CUST01906,Female,0,Yes,No,43,Yes,No,Month-to-month,Electronic check,Yes,No,No internet service,No,29.44,1024.08,0
CUST01907,Female,0,No,No,41,Yes,DSL,Two year,Electronic check,No,No,No internet service,No,55.42,2370.64,0
CUST01908,Female,0,No,Yes,22,Yes,No,Month-to-month,Electronic check,No,No internet service,No,Yes,18.98,422.35,0
CUST01909,Female,1,Yes,Yes,46,Yes,Fiber optic,One year,Mailed check,No internet service,Yes,No internet service,Yes,74.74,3437.42,0
CUST01910,Male,0,No,No,13,Yes,Fiber optic,One year,Bank transfer,No,Yes,No,No,74.72,867.2,0
CUST01911,Female,1,Yes,No,17,No,No,Two year,Credit card,No,No,No,Yes,18.0,342.29,0
CUST01912,Male,1,Yes,No,51,Yes,DSL,One year,Mailed check,Yes,No,Yes,Yes,57.09,3163.26,0
CUST01913,Female,0,No,Yes,46,Yes,No,Month-to-month,Electronic check,No internet service,No,Yes,No,40.78,1877.01,0
CUST01914,Male,0,Yes,Yes,24,Yes,No,Month-to-month,Bank transfer,No,No internet service,No,No,30.35,764.41,0
CUST01915,Female,0,Yes,No,17,Yes,DSL,One year,Mailed check,No,Yes,No internet service,Yes,60.42,1010.27,0
CUST01916,Male,0,No,No,19,Yes,Fiber optic,Month-to-month,Electronic check,No internet service,No,No internet service,Yes,79.11,1559.42,1
CUST01917,Female,0,Yes,No,42,Yes,No,Month-to-month,Mailed check,No,No internet service,No,No,27.47,1025.09,1
CUST01918,Female,0,No,No,37,No,DSL,Month-to-month,Credit card,No,No,No internet service,Yes,56.41,1713.23,1
CUST01919,Female,0,No,Yes,16,Yes,Fiber optic,Month-to-month,Mailed check,No internet service,No,No internet service,No,62.19,886.72,0
CUST01920,Male,0,No,No,45,Yes,DSL,Two year,Credit card,No,Yes,No,Yes,69.73,2897.95,0
CUST01921,Female,1,No,No,23,Yes,DSL,Two year,Electronic check,No internet service,No,Yes,No,81.92,1761.6,0
CUST01922,Male,0,No,No,13,No,Fiber optic,One year,Electronic check,No internet service,Yes,No,No,80.12,1053.4,0
CUST01923,Male,0,Yes,No,20,Yes,Fiber optic,Month-to-month,Electronic check,No,No,No,Yes,79.99,1538.99,0
CUST01924,Female,1,No,No,30,Yes,Fiber optic,Two year,Bank transfer,No,No,No internet service,No,70.31,2062.88,0
CUST01925,Female,0,No,Yes,44,Yes,Fiber optic,One year,Mailed check,No internet service,No internet service,No,Yes,79.37,3132.85,0
CUST01926,Female,0,No,No,42,Yes,DSL,Two year,Bank transfer,No,No,No internet service,No,57.8,2163.04,0
CUST01927,Female,1,Yes,No,26,Yes,Fiber optic,Month-to-month,Credit card,No,Yes,No internet service,No,60.76,1552.71,1
CUST01928,Female,0,No,No,32,Yes,DSL,Month-to-month,Mailed check,No,No internet service,No,No,53.23,1604.65,0
CUST01929,Female,0,No,No,24,Yes,DSL,One year,Electronic check,Yes,No,No internet service,Yes,60.06,1413.07,1
CUST01930,Male,0,Yes,No,16,Yes,DSL,Two year,Bank transfer,Yes,No,No,No,67.66,1102.16,0
CUST01931,Female,1,No,Yes,27,Yes,Fiber optic,Month-to-month,Electronic check,No,Yes,No,No,78.77,2328.33,0
CUST01932,Female,0,Yes,No,5,No,DSL,Month-to-month,Bank transfer,No internet service,No,No,Yes,59.24,289.85,0
CUST01933,Male,0,Yes,No,69,Yes,DSL,One year,Credit card,No,No internet service,No internet service,No,54.3,4147.35,0
CUST01934,Male,0,No,Yes,32,Yes,Fiber optic,Two year,Mailed check,Yes,Yes,No internet service,Yes,92.49,2984.66,0
CUST01935,Female,0,Yes,No,38,Yes,DSL,Two year,Electronic check,No,No,No,No,71.01,2774.65,0
CUST01936,Female,0,Yes,No,16,Yes,No,Two year,Bank transfer,No,No,No,No,19.59,330.28,0
CUST01937,Female,0,Yes,No,32,Yes,Fiber optic,One year,Electronic check,Yes,Yes,No,Yes,67.87,2237.83,0
CUST01938,Male,1,Yes,No,35,Yes,DSL,Two year,Electronic check,No,No,No internet service,Yes,44.54,1440.24,0
CUST01939,Male,0,No,No,24,Yes,No,Month-to-month,Mailed check,No,No,No internet service,No,29.83,755.88,0
CUST01940,Female,0,No,No,25,Yes,Fiber optic,Month-to-month,Electronic check,No,Yes,No internet service,Yes,81.08,1933.38,0
CUST01941,Female,0,No,No,10,Yes,No,One year,Electronic check,No,Yes,No,Yes,26.75,267.8,0
CUST01942,Female,0,Yes,No,72,Yes,Fiber optic,One year,Bank transfer,No internet service,No,No,Yes,74.17,5283.1,0
CUST01943,Male,0,No,Yes,16,Yes,Fiber optic,Month-to-month,Mailed check,No,No,Yes,Yes,70.16,1190.01,0
CUST01944,Female,0,No,No,18,Yes,Fiber optic,Month-to-month,Mailed check,Yes,Yes,No,Yes,86.36,1566.16,1
CUST01945,Female,0,No,No,72,Yes,Fiber optic,Two year,Credit card,Yes,No internet service,No,Yes,68.94,4382.77,0
CUST01946,Female,0,Yes,No,39,Yes,Fiber optic,Two year,Electronic check,No,No internet service,No internet service,No,63.35,2782.98,0
CUST01947,Female,0,Yes,No,45,Yes,DSL,Month-to-month,Electronic check,No internet service,No internet service,Yes,No,64.06,2993.53,0
CUST01948,Male,0,No,Yes,9,Yes,DSL,Two year,Credit card,No,No,No internet service,No,55.79,472.72,0
CUST01949,Female,0,No,No,31,Yes,DSL,Month-to-month,Electronic check,No internet service,Yes,No,Yes,69.92,1951.61,0
CUST01950,Female,1,Yes,Yes,9,Yes,No,Month-to-month,Credit card,No,Yes,Yes,No,50.33,474.01,0
CUST01951,Male,0,No,Yes,14,No,Fiber optic,Month-to-month,Bank transfer,No,No internet service,No,Yes,80.91,1029.28,0
CUST01952,Male,1,Yes,No,72,Yes,No,Month-to-month,Mailed check,No,No internet service,No,No,26.28,1960.37,0
CUST01953,Female,1,Yes,Yes,12,Yes,DSL,Month-to-month,Electronic check,No,No,No,No,57.5,727.84,0
CUST01954,Female,0,No,No,43,Yes,Fiber optic,One year,Mailed check,No,No,No,Yes,67.45,2710.42,1
CUST01955,Male,1,No,No,13,Yes,DSL,Two year,Credit card,No,No,No,No,44.86,541.35,0
CUST01956,Female,0,Yes,No,15,Yes,Fiber optic,Month-to-month,Electronic check,No,No,Yes,No,79.85,1134.37,1
CUST01957,Male,0,No,No,72,No,No,Two year,Bank transfer,No,Yes,No internet service,Yes,26.19,1717.44,0
CUST01958,Male,0,No,No,26,Yes,Fiber optic,Two year,Credit card,No,No,No internet service,No,81.75,2117.15,0
CUST01959,Male,0,Yes,No,9,Yes,Fiber optic,Month-to-month,Bank transfer,No,No,No,No,70.39,637.35,1
CUST01960,Female,0,No,No,44,Yes,Fiber optic,Month-to-month,Electronic check,No,No,Yes,Yes,85.98,3900.11,0
CUST01961,Male,0,No,No,61,Yes,DSL,Month-to-month,Bank transfer,No internet service,No,No,Yes,55.14,3100.06,0
CUST01962,Male,0,No,No,47,Yes,Fiber optic,One year,Bank transfer,No,No,Yes,No,74.6,3642.23,0
CUST01963,Female,0,No,No,25,No,Fiber optic,Month-to-month,Electronic check,No internet service,Yes,No internet service,No,84.84,1931.94,1
CUST01964,Male,0,No,No,25,Yes,DSL,One year,Credit card,No,Yes,Yes,Yes,77.22,2005.32,0
CUST01965,Male,0,Yes,Yes,19,Yes,Fiber optic,One year,Electronic check,No,Yes,Yes,Yes,90.58,1507.5,0
CUST01966,Male,0,Yes,Yes,11,Yes,Fiber optic,One year,Credit card,No internet service,No,Yes,Yes,79.25,949.98,0
CUST01967,Female,0,No,No,35,No,DSL,Month-to-month,Electronic check,No internet service,No,No,Yes,65.32,2157.02,1
CUST01968,Female,0,No,No,24,No,DSL,Month-to-month,Electronic check,No internet service,No,No,Yes,64.16,1573.62,0
CUST01969,Male,0,Yes,No,9,Yes,Fiber optic,Month-to-month,Bank transfer,Yes,No,No,Yes,54.59,504.82,0
CUST01970,Female,0,Yes,No,27,Yes,Fiber optic,Two year,Electronic check,No,No,No,No,69.94,1682.8,0
CUST01971,Male,0,No,No,16,Yes,Fiber optic,One year,Electronic check,No,No,No internet service,Yes,80.12,1331.22,1
CUST01972,Male,0,Yes,No,34,Yes,Fiber optic,One year,Electronic check,No internet service,No,No,No,63.84,2043.47,0
CUST01973,Male,0,Yes,No,31,No,DSL,One year,Credit card,No,Yes,Yes,No,61.46,1826.33,1
CUST01974,Female,0,No,No,21,No,DSL,Month-to-month,Electronic check,Yes,No,No,No,57.89,1134.34,0
CUST01975,Male,0,No,Yes,28,Yes,DSL,Month-to-month,Bank transfer,No,Yes,No,No,71.17,2178.02,0
CUST01976,Female,0,No,Yes,29,Yes,DSL,Month-to-month,Bank transfer,Yes,Yes,No,No,63.32,1649.17,0
CUST01977,Male,0,No,No,51,Yes,DSL,Month-to-month,Mailed check,No,No,No,Yes,69.34,3572.13,0
CUST01978,Female,0,Yes,Yes,27,No,DSL,Month-to-month,Mailed check,No,No internet service,No,Yes,73.75,1864.49,0
CUST01979,Female,0,No,No,19,Yes,Fiber optic,Month-to-month,Electronic check,Yes,No,Yes,Yes,64.6,1296.59,0
CUST01980,Male,0,Yes,No,23,Yes,Fiber optic,Two year,Credit card,No,No,No,Yes,68.93,1811.3,0
CUST01981,Male,0,Yes,Yes,72,Yes,DSL,Month-to-month,Bank transfer,No,Yes,No,Yes,48.75,3284.92,0
CUST01982,Male,0,No,Yes,14,No,Fiber optic,Month-to-month,Credit card,No,Yes,No,Yes,85.29,1181.89,0
CUST01983,Female,0,No,No,24,Yes,DSL,Month-to-month,Bank transfer,No,No internet service,Yes,Yes,61.56,1408.05,0
CUST01984,Male,0,No,No,24,Yes,Fiber optic,Month-to-month,Credit card,No internet service,No,Yes,Yes,76.19,1924.86,0
CUST01985,Male,0,Yes,No,24,Yes,No,Month-to-month,Credit card,No,No,No,No,34.18,789.63,0
CUST01986,Male,0,No,Yes,6,Yes,Fiber optic,Month-to-month,Mailed check,No internet service,No internet service,No,No,61.37,384.2,1
CUST01987,Male,1,No,No,11,Yes,DSL,Month-to-month,Credit card,No,No,Yes,Yes,54.36,569.35,0
CUST01988,Female,0,No,No,23,No,Fiber optic,Two year,Electronic check,No,Yes,No,Yes,61.78,1615.7,0
CUST01989,Female,0,No,No,18,Yes,Fiber optic,Month-to-month,Electronic check,No internet service,No,No,Yes,82.16,1222.43,0
CUST01990,Male,0,Yes,No,34,No,DSL,Month-to-month,Mailed check,Yes,No,No,Yes,67.31,2303.14,0
CUST01991,Male,1,No,Yes,56,Yes,No,Month-to-month,Mailed check,No,No,No,No,22.65,1242.1,0
CUST01992,Female,0,No,No,35,Yes,Fiber optic,Month-to-month,Mailed check,No internet service,No,No,Yes,61.8,2112.66,1
CUST01993,Female,1,No,No,30,No,DSL,One year,Mailed check,No,No,No,Yes,65.67,1970.06,1
CUST01994,Male,0,No,No,38,Yes,Fiber optic,Month-to-month,Mailed check,No,No,No,No,94.04,3516.67,1
CUST01995,Male,0,No,No,32,Yes,Fiber optic,Two year,Credit card,No internet service,No,No,Yes,70.11,2233.05,0
CUST01996,Female,0,Yes,Yes,27,No,Fiber optic,Two year,Mailed check,Yes,Yes,No,Yes,70.38,1916.54,0
CUST01997,Male,0,Yes,Yes,50,Yes,No,One year,Electronic check,No,No,No,Yes,34.93,1925.39,0
CUST01998,Male,0,No,Yes,22,Yes,No,Month-to-month,Bank transfer,No internet service,No,Yes,Yes,23.94,414.19,0
CUST01999,Female,1,No,No,11,Yes,DSL,Month-to-month,Bank transfer,No internet service,No,No,Yes,56.07,684.18,1
CUST02000,Female,0,No,Yes,18,Yes,DSL,Month-to-month,Credit card,No,No internet service,No internet service,No,37.89,790.59,0
CUST02001,Male,1,Yes,No,16,Yes,DSL,Two year,Electronic check,Yes,No,Yes,Yes,64.57,885.82,0
CUST02002,Female,0,Yes,Yes,72,Yes,Fiber optic,Month-to-month,Electronic check,No internet service,No,Yes,Yes,69.77,4939.8,1
CUST02003,Female,0,No,No,58,Yes,Fiber optic,One year,Credit card,No internet service,Yes,No,No,90.07,5621.04,0
CUST02004,Female,0,No,No,30,Yes,DSL,Month-to-month,Electronic check,No,No,No,Yes,51.19,1603.73,0
CUST02005,Male,0,Yes,No,17,No,No,Month-to-month,Bank transfer,No,Yes,No internet service,Yes,39.24,732.01,0
CUST02006,Female,0,No,Yes,49,Yes,DSL,Month-to-month,Electronic check,No,No,Yes,No,66.16,3261.41,0
CUST02007,Female,0,Yes,No,29,No,No,Month-to-month,Mailed check,Yes,No,No internet service,No,26.0,631.63,0
CUST02008,Female,0,No,Yes,22,Yes,No,One year,Credit card,No internet service,Yes,No,No,37.18,876.3,1
CUST02009,Male,0,Yes,No,30,Yes,DSL,One year,Mailed check,No internet service,No internet service,No,Yes,58.57,1800.12,0
CUST02010,Male,0,Yes,No,23,Yes,DSL,Month-to-month,Electronic check,No,No,No,Yes,53.82,1340.16,0
CUST02011,Female,0,Yes,No,37,Yes,DSL,Month-to-month,Bank transfer,No internet service,No,Yes,Yes,60.5,1953.36,0
CUST02012,Female,0,No,Yes,10,Yes,No,Two year,Electronic check,No internet service,No,Yes,Yes,37.07,331.73,0
CUST02013,Female,0,No,No,37,Yes,Fiber optic,Month-to-month,Electronic check,No,No,No internet service,Yes,56.79,2061.63,0
CUST02014,Male,0,No,No,23,Yes,No,One year,Mailed check,No internet service,No,Yes,Yes,46.43,1146.18,0
CUST02015,Male,0,Yes,No,50,Yes,Fiber optic,Month-to-month,Mailed check,No,Yes,Yes,No,89.05,4865.74,0
CUST02016,Female,0,Yes,No,59,Yes,Fiber optic,One year,Bank transfer,No internet service,No internet service,Yes,No,77.3,4237.79,0
CUST02017,Female,0,Yes,No,67,Yes,No,One year,Mailed check,Yes,No,No internet service,Yes,27.13,1729.64,0
CUST02018,Male,0,No,Yes,72,Yes,Fiber optic,Month-to-month,Mailed check,No,No,Yes,Yes,75.25,6398.86,0
CUST02019,Male,1,Yes,No,65,Yes,Fiber optic,Month-to-month,Mailed check,No,No,No,Yes,70.58,4318.43,0
CUST02020,Female,0,No,No,49,Yes,Fiber optic,Month-to-month,Credit card,Yes,Yes,No,No,70.95,3571.37,0
CUST02021,Female,1,No,No,11,Yes,DSL,Month-to-month,Electronic check,No,No,No internet service,Yes,62.0,646.79,0
CUST02022,Male,0,No,Yes,3,No,DSL,One year,Credit card,No,No,No internet service,No,58.37,177.43,0
CUST02023,Male,0,Yes,No,53,Yes,DSL,Month-to-month,Mailed check,No,No internet service,No,Yes,60.5,2947.92,0
CUST02024,Male,0,No,No,14,Yes,Fiber optic,Month-to-month,Mailed check,No,Yes,Yes,No,99.87,1288.22,1
CUST02025,Female,0,Yes,Yes,72,Yes,Fiber optic,Two year,Bank transfer,Yes,No internet service,Yes,No,73.57,5053.62,0
CUST02026,Female,0,Yes,No,8,Yes,Fiber optic,Two year,Mailed check,No,No internet service,Yes,Yes,78.97,595.01,1
CUST02027,Male,0,No,No,48,Yes,DSL,Month-to-month,Bank transfer,Yes,No internet service,No,No,45.79,2107.17,0
CUST02028,Male,0,No,No,32,Yes,Fiber optic,One year,Credit card,No internet service,No,No,No,76.4,2485.9,0
CUST02029,Male,0,No,No,8,No,No,Month-to-month,Credit card,No,No,No,Yes,24.86,221.22,1
CUST02030,Female,0,Yes,No,32,Yes,Fiber optic,One year,Mailed check,No,No,No,Yes,72.14,2166.89,0
CUST02031,Male,0,No,No,16,Yes,No,Month-to-month,Bank transfer,No,Yes,No,Yes,31.74,462.54,0
CUST02032,Female,0,No,No,26,Yes,DSL,Two year,Mailed check,No,No,Yes,Yes,62.37,1590.27,0
CUST02033,Female,0,Yes,No,26,No,DSL,Month-to-month,Bank transfer,No,No,No internet service,No,78.97,1889.8,0
CUST02034,Male,0,No,No,16,Yes,Fiber optic,Month-to-month,Electronic check,Yes,Yes,No internet service,Yes,80.31,1112.19,0
CUST02035,Male,0,Yes,Yes,21,Yes,DSL,Two year,Electronic check,No,No,No,No,61.37,1359.01,0
CUST02036,Male,0,No,Yes,15,Yes,Fiber optic,Month-to-month,Mailed check,No,Yes,No,No,70.88,1047.93,0
CUST02037,Male,0,No,No,6,Yes,No,Month-to-month,Electronic check,No internet service,No,No internet service,Yes,32.08,191.04,0
CUST02038,Female,0,No,No,30,Yes,DSL,Month-to-month,Bank transfer,No,No,No internet service,Yes,58.01,1470.72,1
CUST02039,Male,0,No,No,65,Yes,No,One year,Electronic check,No,No internet service,No,No,28.57,1743.89,0
CUST02040,Female,0,Yes,Yes,16,Yes,DSL,Month-to-month,Electronic check,No,Yes,Yes,Yes,82.22,1158.83,0
CUST02041,Female,0,No,No,72,Yes,Fiber optic,One year,Bank transfer,No,Yes,No internet service,Yes,79.17,5578.07,0
CUST02042,Male,0,No,No,72,Yes,Fiber optic,Month-to-month,Mailed check,No internet service,No,No,No,66.58,4742.96,0
CUST02043,Male,0,Yes,No,20,Yes,Fiber optic,One year,Credit card,No,No,No,Yes,53.38,1056.23,0
CUST02044,Male,0,Yes,Yes,24,Yes,DSL,Two year,Electronic check,Yes,Yes,Yes,No,71.9,1610.53,0
CUST02045,Female,0,No,No,20,Yes,No,Month-to-month,Electronic check,No,No,No internet service,Yes,19.54,359.65,0
CUST02046,Male,1,No,No,11,Yes,No,One year,Electronic check,Yes,No internet service,No,No,18.0,191.36,0
CUST02047,Female,0,No,No,24,Yes,Fiber optic,Month-to-month,Mailed check,Yes,No,No,No,83.62,2016.9,0
CUST02048,Male,0,No,Yes,22,Yes,Fiber optic,Month-to-month,Electronic check,No,Yes,No,Yes,87.86,1815.89,1
CUST02049,Male,0,No,Yes,30,Yes,Fiber optic,Two year,Bank transfer,Yes,Yes,No,Yes,65.36,1792.92,0
CUST02050,Male,0,Yes,No,31,Yes,Fiber optic,Two year,Electronic check,Yes,No,No,Yes,73.23,2082.55,0
CUST02051,Female,1,Yes,No,11,Yes,Fiber optic,Two year,Credit card,No,No,No,No,65.46,672.47,0
CUST02052,Female,0,No,No,42,No,Fiber optic,Two year,Mailed check,No,No internet service,No,Yes,74.93,2984.4,0
CUST02053,Female,0,No,Yes,24,Yes,No,Month-to-month,Bank transfer,No internet service,Yes,No internet service,Yes,26.6,576.56,1
CUST02054,Male,1,No,No,12,Yes,Fiber optic,One year,Electronic check,No,No,No,No,67.69,770.7,1
CUST02055,Male,0,No,No,23,No,DSL,Month-to-month,Electronic check,No,No internet service,No,No,66.7,1636.16,1
CUST02056,Female,0,No,Yes,31,Yes,No,Two year,Mailed check,No,Yes,Yes,Yes,47.55,1414.18,0
CUST02057,Male,0,No,No,72,Yes,DSL,One year,Mailed check,No internet service,No internet service,No,No,71.08,4571.6,0
CUST02058,Male,0,No,No,66,Yes,DSL,Month-to-month,Bank transfer,No,No,Yes,No,65.26,3540.08,0
CUST02059,Female,0,Yes,No,19,Yes,No,Two year,Electronic check,No,No,No,Yes,18.0,379.12,0
CUST02060,Female,0,No,No,25,Yes,DSL,One year,Electronic check,No,No,No,No,66.37,1758.39,0
CUST02061,Male,1,No,No,14,Yes,DSL,Two year,Credit card,No,No internet service,No,No,66.42,929.81,0
CUST02062,Male,1,Yes,No,35,Yes,Fiber optic,One year,Electronic check,Yes,No internet service,Yes,No,85.03,3158.75,0
CUST02063,Female,0,No,Yes,20,Yes,No,Two year,Electronic check,No,Yes,No,No,27.05,550.16,0
CUST02064,Male,0,No,No,24,Yes,DSL,Month-to-month,Mailed check,No,No,Yes,Yes,58.43,1366.85,0
CUST02065,Male,0,No,Yes,55,Yes,Fiber optic,Month-to-month,Electronic check,No,Yes,No,Yes,84.29,4140.77,0
CUST02066,Male,0,No,No,11,Yes,DSL,One year,Mailed check,No,Yes,Yes,No,67.91,831.87,0
CUST02067,Male,0,Yes,No,66,Yes,Fiber optic,Month-to-month,Bank transfer,Yes,No,No internet service,Yes,69.54,4357.44,0
CUST02068,Male,0,Yes,No,37,Yes,Fiber optic,Month-to-month,Bank transfer,No,No,No,Yes,95.25,3359.43,0
CUST02069,Female,0,Yes,No,64,Yes,DSL,Two year,Bank transfer,No,No,No internet service,No,76.03,4781.36,0
CUST02070,Female,0,Yes,No,46,Yes,No,Two year,Electronic check,No internet service,Yes,No internet service,Yes,39.34,1780.37,0
CUST02071,Female,0,No,Yes,52,Yes,Fiber optic,Two year,Electronic check,No,Yes,No internet service,Yes,74.7,3962.98,0
CUST02072,Male,0,No,No,29,Yes,No,Month-to-month,Credit card,No,Yes,No internet service,Yes,27.22,798.99,1
CUST02073,Female,0,No,Yes,12,Yes,No,Month-to-month,Electronic check,No,Yes,Yes,Yes,46.73,526.9,0
CUST02074,Female,0,Yes,No,18,Yes,No,Two year,Electronic check,No internet service,Yes,Yes,Yes,52.98,936.3,0
CUST02075,Male,0,Yes,No,15,Yes,Fiber optic,Month-to-month,Mailed check,No,No internet service,No,Yes,67.91,1037.0,1
CUST02076,Female,1,Yes,Yes,4,Yes,DSL,Month-to-month,Bank transfer,No,Yes,No,Yes,63.35,236.59,1
CUST02077,Female,0,No,No,55,Yes,No,Month-to-month,Electronic check,Yes,No internet service,No,Yes,25.7,1528.37,0
CUST02078,Female,1,Yes,No,26,Yes,Fiber optic,Two year,Credit card,Yes,Yes,No,No,68.89,1752.78,0
CUST02079,Female,0,No,No,14,Yes,DSL,Month-to-month,Electronic check,No,No,Yes,No,56.13,858.03,1
CUST02080,Female,0,No,No,72,Yes,Fiber optic,Month-to-month,Credit card,No internet service,Yes,Yes,Yes,78.59,4993.89,0
CUST02081,Male,1,No,Yes,72,Yes,DSL,Month-to-month,Electronic check,No internet service,Yes,No,Yes,71.37,5271.34,0
CUST02082,Female,0,Yes,No,9,No,Fiber optic,Month-to-month,Bank transfer,Yes,No,No,Yes,74.18,612.66,0
CUST02083,Female,0,Yes,Yes,24,Yes,No,One year,Mailed check,No,No,No internet service,Yes,34.1,765.68,0
CUST02084,Male,0,No,No,23,Yes,Fiber optic,One year,Credit card,No internet service,No,No,No,58.1,1394.21,0
CUST02085,Female,0,No,Yes,13,Yes,DSL,One year,Mailed check,No internet service,No,Yes,Yes,54.86,687.51,0
CUST02086,Male,0,Yes,No,54,Yes,DSL,Month-to-month,Credit card,No,No,Yes,Yes,70.65,4432.46,0
CUST02087,Male,0,No,No,4,Yes,No,Month-to-month,Bank transfer,No,No,No,No,18.02,73.25,0
CUST02088,Male,1,No,Yes,72,Yes,Fiber optic,Month-to-month,Bank transfer,No internet service,Yes,No,No,73.6,4935.12,0
CUST02089,Female,0,Yes,No,29,Yes,Fiber optic,Two year,Electronic check,No,Yes,No,Yes,88.1,2596.76,1
CUST02090,Female,0,Yes,No,72,Yes,Fiber optic,Month-to-month,Electronic check,No,No,No,No,67.58,4687.65,0
CUST02091,Male,0,Yes,Yes,28,Yes,No,Month-to-month,Credit card,No,No internet service,No internet service,Yes,21.51,625.31,0
CUST02092,Female,0,Yes,No,23,Yes,Fiber optic,Month-to-month,Credit card,No,Yes,No,No,78.0,1720.92,1
CUST02093,Male,0,Yes,No,57,Yes,Fiber optic,Two year,Electronic check,Yes,No,Yes,Yes,78.48,4511.24,1
CUST02094,Female,0,No,No,72,Yes,DSL,Two year,Electronic check,No,No,No,Yes,64.48,4614.2,0
CUST02095,Female,0,Yes,No,72,Yes,No,Month-to-month,Electronic check,No internet service,No internet service,Yes,Yes,23.32,1654.68,0
CUST02096,Male,0,No,No,7,Yes,Fiber optic,One year,Electronic check,No,Yes,Yes,Yes,86.5,637.55,0
CUST02097,Male,0,No,No,68,Yes,Fiber optic,Month-to-month,Electronic check,No internet service,No internet service,No,Yes,81.3,4719.99,0
CUST02098,Male,0,Yes,Yes,22,No,DSL,Two year,Credit card,No internet service,No,No,No,76.06,1651.28,0
CUST02099,Male,0,Yes,Yes,26,Yes,Fiber optic,Two year,Electronic check,No internet service,No,Yes,Yes,69.15,1673.7,0
CUST02100,Female,0,No,Yes,21,Yes,Fiber optic,One year,Credit card,No,No,No,No,74.65,1388.3,0
CUST02101,Male,0,No,No,18,Yes,Fiber optic,Two year,Credit card,No internet service,No,No,Yes,70.48,1168.87,0
CUST02102,Male,0,No,No,24,Yes,Fiber optic,Month-to-month,Electronic check,No,Yes,Yes,No,87.21,1960.38,0
CUST02103,Female,0,Yes,No,13,Yes,No,Month-to-month,Mailed check,No,Yes,No,Yes,26.68,334.19,0
CUST02104,Female,0,Yes,Yes,68,Yes,Fiber optic,One year,Mailed check,No internet service,No,Yes,Yes,86.05,5872.54,0
CUST02105,Male,0,Yes,No,46,Yes,No,One year,Electronic check,No,No,No,Yes,30.64,1434.75,0
CUST02106,Female,0,No,No,33,Yes,DSL,Month-to-month,Bank transfer,No internet service,No,No,Yes,79.18,2485.86,0
CUST02107,Male,0,No,No,21,Yes,Fiber optic,Month-to-month,Bank transfer,No,No,No,Yes,61.43,1407.32,0
CUST02108,Female,0,No,Yes,19,Yes,DSL,Month-to-month,Electronic check,No,No internet service,No,No,45.02,816.04,0
CUST02109,Female,0,No,No,38,Yes,DSL,Month-to-month,Credit card,No,No,No,Yes,75.44,2418.79,1
CUST02110,Female,0,Yes,Yes,34,No,No,Two year,Electronic check,No,No,Yes,Yes,32.58,1058.85,0
CUST02111,Female,0,No,Yes,59,Yes,DSL,Month-to-month,Electronic check,No,Yes,No,Yes,63.35,3675.24,0
CUST02112,Male,0,Yes,No,19,Yes,No,Two year,Credit card,No internet service,No internet service,No,No,26.51,378.22,0
CUST02113,Male,0,No,No,18,Yes,DSL,Month-to-month,Electronic check,No,Yes,Yes,Yes,63.84,1223.25,0
CUST02114,Male,0,No,No,44,Yes,Fiber optic,One year,Electronic check,Yes,No,No,Yes,75.01,3211.54,0
CUST02115,Male,0,No,No,51,No,DSL,Two year,Electronic check,No,No,Yes,Yes,66.36,3043.66,0
CUST02116,Female,0,Yes,No,72,Yes,Fiber optic,Two year,Electronic check,Yes,No,No,No,80.59,5296.45,0
CUST02117,Male,0,No,Yes,6,Yes,No,Two year,Mailed check,No,Yes,No,No,39.86,247.13,0
CUST02118,Male,0,No,No,70,Yes,Fiber optic,Month-to-month,Bank transfer,Yes,No,No internet service,Yes,79.52,5799.49,1
CUST02119,Male,0,Yes,No,31,Yes,Fiber optic,Month-to-month,Mailed check,No,Yes,No internet service,Yes,81.53,2362.1,0
CUST02120,Male,0,Yes,Yes,20,Yes,No,One year,Mailed check,No internet service,No,No,Yes,37.83,669.69,0
CUST02121,Male,1,No,No,39,Yes,Fiber optic,Two year,Electronic check,Yes,No,No internet service,Yes,76.61,2955.41,0
CUST02122,Male,0,Yes,No,38,Yes,DSL,Two year,Mailed check,No,No,No,No,54.74,2084.3,0
CUST02123,Male,1,Yes,Yes,20,Yes,Fiber optic,One year,Credit card,No,Yes,No,No,73.53,1499.38,1
CUST02124,Male,0,Yes,No,7,No,Fiber optic,Month-to-month,Bank transfer,Yes,No,No,Yes,66.43,437.38,0
CUST02125,Male,0,Yes,No,71,Yes,Fiber optic,Month-to-month,Bank transfer,No internet service,Yes,No internet service,No,84.71,5842.72,0
CUST02126,Female,0,Yes,No,16,Yes,DSL,Two year,Electronic check,No,No,No,Yes,48.35,759.22,0
CUST02127,Female,0,No,No,14,Yes,Fiber optic,One year,Mailed check,No,No internet service,No internet service,No,73.24,1074.25,0
CUST02128,Male,1,Yes,No,18,Yes,No,One year,Credit card,No internet service,Yes,No,No,26.34,508.76,0
CUST02129,Female,0,No,No,49,Yes,Fiber optic,One year,Credit card,No,No,No internet service,No,61.98,3316.57,0
CUST02130,Female,1,Yes,No,22,Yes,Fiber optic,Two year,Bank transfer,No,Yes,No,Yes,71.27,1679.54,0
CUST02131,Male,0,Yes,No,18,Yes,No,Two year,Mailed check,No internet service,No,Yes,Yes,32.81,653.74,0
CUST02132,Male,1,Yes,No,37,Yes,DSL,Month-to-month,Electronic check,No internet service,No,Yes,Yes,73.11,2842.82,0
CUST02133,Male,1,No,Yes,34,Yes,Fiber optic,Two year,Electronic check,No,No,No,Yes,66.59,2125.38,0
CUST02134,Female,0,No,No,18,Yes,Fiber optic,Month-to-month,Electronic check,No,No,Yes,Yes,63.39,1240.68,1
CUST02135,Female,0,No,Yes,7,Yes,Fiber optic,Month-to-month,Mailed check,No,No internet service,Yes,No,105.23,650.91,0
CUST02136,Male,0,Yes,No,48,Yes,No,Two year,Electronic check,No,No internet service,No,Yes,33.94,1866.18,0
CUST02137,Male,0,Yes,No,34,Yes,Fiber optic,Month-to-month,Mailed check,No,No internet service,No,Yes,79.46,2463.18,0
CUST02138,Female,1,Yes,No,5,No,DSL,Month-to-month,Bank transfer,Yes,Yes,Yes,No,88.02,458.64,0
CUST02139,Male,0,No,No,72,Yes,Fiber optic,One year,Bank transfer,No,No internet service,No,Yes,72.74,5662.01,0
CUST02140,Female,0,Yes,No,4,Yes,DSL,Two year,Mailed check,Yes,No,No,Yes,57.92,234.49,0
CUST02141,Male,0,No,No,15,No,No,Month-to-month,Electronic check,Yes,Yes,No,Yes,43.85,550.19,0
CUST02142,Male,0,No,No,16,Yes,DSL,One year,Mailed check,No,No,No,No,69.79,1020.21,1
CUST02143,Male,1,No,No,18,No,Fiber optic,Month-to-month,Credit card,Yes,Yes,Yes,Yes,92.92,1680.88,1
CUST02144,Male,0,No,No,18,No,Fiber optic,Month-to-month,Mailed check,No,No,No internet service,Yes,79.06,1457.94,1
CUST02145,Female,0,Yes,Yes,10,Yes,DSL,One year,Credit card,No,Yes,No internet service,Yes,57.09,552.34,0
CUST02146,Female,1,No,No,32,No,DSL,One year,Mailed check,Yes,No,No,No,56.94,1795.12,0
CUST02147,Female,0,Yes,No,54,Yes,Fiber optic,Two year,Bank transfer,No,Yes,Yes,No,101.63,4813.96,0
CUST02148,Male,0,No,No,31,Yes,DSL,One year,Mailed check,Yes,Yes,No,No,73.43,2513.53,0
CUST02149,Male,0,No,No,35,No,No,Two year,Bank transfer,No,No internet service,No internet service,Yes,18.0,600.73,0
CUST02150,Male,0,Yes,No,22,Yes,No,Two year,Credit card,No,No,No internet service,Yes,20.75,472.57,0
CUST02151,Female,0,No,No,31,Yes,DSL,Month-to-month,Mailed check,No,No,No internet service,Yes,71.33,2384.26,0
CUST02152,Female,0,Yes,Yes,37,Yes,No,Two year,Bank transfer,No,No,No internet service,No,28.64,952.81,1
CUST02153,Male,0,Yes,No,46,Yes,DSL,One year,Credit card,No,No internet service,No,Yes,60.46,2750.46,0
CUST02154,Male,1,No,No,17,Yes,DSL,Month-to-month,Bank transfer,Yes,No,Yes,Yes,68.7,1167.27,0
CUST02155,Male,1,Yes,No,15,Yes,DSL,One year,Electronic check,No,Yes,Yes,Yes,74.33,1072.51,0
CUST02156,Female,0,No,No,3,Yes,No,One year,Electronic check,No,No internet service,Yes,Yes,28.81,90.31,1
CUST02157,Female,0,No,Yes,72,Yes,Fiber optic,Month-to-month,Credit card,No,No,Yes,No,73.33,4927.56,0
CUST02158,Male,0,No,No,72,Yes,DSL,Month-to-month,Bank transfer,No internet service,Yes,Yes,Yes,83.08,5885.15,0
CUST02159,Male,0,Yes,No,27,No,Fiber optic,Month-to-month,Credit card,Yes,Yes,No,No,81.9,2109.66,0
CUST02160,Female,0,Yes,No,28,Yes,Fiber optic,Month-to-month,Electronic check,No,Yes,No internet service,Yes,85.66,2740.95,0
CUST02161,Male,0,No,No,72,Yes,Fiber optic,Two year,Bank transfer,No internet service,No internet service,Yes,Yes,84.37,5671.31,0
CUST02162,Female,0,Yes,No,10,Yes,Fiber optic,Month-to-month,Credit card,No internet service,No internet service,No internet service,No,83.27,859.47,1
CUST02163,Female,0,No,No,14,Yes,No,Two year,Credit card,No,No,No internet service,Yes,28.64,443.37,0
CUST02164,Male,0,Yes,Yes,72,Yes,Fiber optic,Two year,Bank transfer,No,No,Yes,No,86.59,5709.0,0
CUST02165,Male,0,Yes,Yes,22,Yes,DSL,Month-to-month,Electronic check,Yes,No internet service,Yes,Yes,68.34,1483.44,0
CUST02166,Male,0,No,No,12,Yes,No,Month-to-month,Bank transfer,No internet service,No,No,Yes,18.0,196.77,0
CUST02167,Female,0,No,No,39,No,DSL,Month-to-month,Bank transfer,No,No,No internet service,Yes,57.2,1871.85,0
CUST02168,Male,0,No,No,17,Yes,Fiber optic,Month-to-month,Electronic check,No,No internet service,No,No,76.72,1206.49,0
CUST02169,Male,0,No,No,68,Yes,Fiber optic,Month-to-month,Electronic check,No,Yes,Yes,No,93.42,5971.88,0
CUST02170,Male,1,Yes,Yes,30,Yes,DSL,Month-to-month,Credit card,No,Yes,No,No,78.61,2226.79,0
CUST02171,Female,1,Yes,Yes,17,No,DSL,Two year,Electronic check,No,No,No internet service,No,55.32,901.91,0
CUST02172,Male,0,Yes,No,18,Yes,Fiber optic,One year,Mailed check,Yes,No,Yes,Yes,81.81,1443.76,0
CUST02173,Male,0,No,No,37,Yes,No,Month-to-month,Bank transfer,No,Yes,No,No,31.97,1060.13,0
CUST02174,Male,0,Yes,No,24,No,No,Month-to-month,Credit card,Yes,No,No,Yes,37.99,915.97,0
CUST02175,Female,0,No,No,22,Yes,Fiber optic,Two year,Bank transfer,No,No,Yes,No,83.01,1944.8,1
CUST02176,Male,0,Yes,No,47,Yes,DSL,Month-to-month,Electronic check,No,No,No internet service,No,62.16,3135.22,0
CUST02177,Female,0,No,No,72,Yes,DSL,One year,Electronic check,No internet service,No internet service,Yes,Yes,66.71,4619.58,0
CUST02178,Female,1,No,Yes,42,Yes,Fiber optic,Month-to-month,Electronic check,No,No internet service,No internet service,No,70.2,3073.92,1
CUST02179,Male,1,No,No,16,Yes,Fiber optic,Two year,Electronic check,No,No,No,No,60.41,901.15,1
CUST02180,Female,0,Yes,No,12,Yes,Fiber optic,Month-to-month,Credit card,No,No,Yes,Yes,69.91,801.98,0
CUST02181,Male,0,No,Yes,45,Yes,DSL,Month-to-month,Mailed check,No,No,No,No,60.43,2740.82,0
CUST02182,Female,0,Yes,Yes,42,Yes,DSL,One year,Electronic check,No,Yes,Yes,Yes,75.43,3030.47,0
CUST02183,Male,1,Yes,No,21,Yes,Fiber optic,Month-to-month,Credit card,No,No,Yes,No,81.48,1525.47,0
CUST02184,Male,0,Yes,No,25,No,Fiber optic,One year,Electronic check,Yes,No,Yes,No,87.53,2272.12,0
CUST02185,Male,0,Yes,No,17,Yes,Fiber optic,Month-to-month,Electronic check,No,No internet service,No internet service,Yes,72.74,1140.12,1
CUST02186,Female,0,No,No,12,Yes,DSL,Month-to-month,Mailed check,No internet service,No internet service,No internet service,Yes,56.21,636.48,0
CUST02187,Female,0,Yes,No,18,Yes,No,Month-to-month,Electronic check,No,Yes,Yes,Yes,39.32,746.03,0
CUST02188,Female,0,Yes,No,2,Yes,Fiber optic,One year,Electronic check,No internet service,No internet service,No,No,73.95,150.5,1
CUST02189,Female,0,No,No,60,Yes,Fiber optic,Two year,Credit card,No internet service,No,No internet service,No,68.96,4105.86,0
CUST02190,Male,0,No,Yes,9,Yes,Fiber optic,Month-to-month,Credit card,No,Yes,No,No,88.52,698.81,0
CUST02191,Female,0,No,No,27,Yes,Fiber optic,Two year,Bank transfer,Yes,No,Yes,No,79.91,1938.73,0
CUST02192,Female,0,No,No,4,Yes,Fiber optic,Two year,Bank transfer,No,No internet service,No,No,74.01,298.35,0
CUST02193,Female,0,Yes,No,41,Yes,Fiber optic,Month-to-month,Electronic check,No internet service,No,No,Yes,65.47,2748.97,1
CUST02194,Female,0,No,No,50,Yes,Fiber optic,Month-to-month,Credit card,No,No,Yes,No,88.52,4415.87,0
CUST02195,Male,1,Yes,No,29,Yes,Fiber optic,Month-to-month,Mailed check,No,No,No,Yes,83.51,2293.04,0
CUST02196,Male,0,Yes,Yes,26,Yes,DSL,Month-to-month,Electronic check,No,No,No,Yes,48.09,1180.99,0
CUST02197,Female,0,Yes,No,17,Yes,No,One year,Electronic check,No,No,No,Yes,28.21,477.22,1
CUST02198,Male,0,No,No,59,Yes,DSL,Month-to-month,Mailed check,Yes,No,No,Yes,58.14,3061.08,0
CUST02199,Male,0,Yes,Yes,7,Yes,DSL,Month-to-month,Electronic check,No,No internet service,No,No,61.27,423.06,0
CUST02200,Female,0,No,No,20,Yes,Fiber optic,One year,Electronic check,No,No,No,Yes,75.62,1335.13,1
CUST02201,Female,0,Yes,No,15,Yes,DSL,Month-to-month,Electronic check,No,Yes,No,Yes,49.12,667.77,1
CUST02202,Female,0,Yes,Yes,15,Yes,No,Two year,Mailed check,No,No,Yes,Yes,39.08,581.79,0
CUST02203,Female,0,Yes,Yes,58,Yes,Fiber optic,One year,Electronic check,No internet service,No,No,Yes,80.9,4789.92,0
CUST02204,Female,0,Yes,No,25,Yes,DSL,Month-to-month,Bank transfer,No,No,No,Yes,68.8,1726.75,0
CUST02205,Female,1,Yes,Yes,16,Yes,DSL,Month-to-month,Electronic check,Yes,No,No,No,51.44,742.37,0
CUST02206,Male,0,No,Yes,35,Yes,DSL,Month-to-month,Bank transfer,Yes,Yes,No,Yes,66.75,1983.54,1
CUST02207,Female,1,No,No,33,Yes,DSL,Two year,Electronic check,No,No,No,No,54.69,1767.62,0
CUST02208,Male,1,Yes,No,49,Yes,DSL,Month-to-month,Mailed check,No,No internet service,No,Yes,43.68,1812.94,0
CUST02209,Female,0,No,No,37,Yes,DSL,Two year,Bank transfer,Yes,No,No,Yes,54.04,2091.68,0
CUST02210,Female,0,Yes,No,26,No,DSL,Two year,Bank transfer,No internet service,No,No,No,50.33,1183.36,0
CUST02211,Male,0,Yes,No,27,Yes,Fiber optic,Month-to-month,Electronic check,No internet service,No,No,Yes,74.68,2291.38,1
CUST02212,Male,0,Yes,No,36,Yes,DSL,One year,Mailed check,No,No,No,Yes,45.95,1509.72,0
CUST02213,Male,0,No,No,13,No,DSL,One year,Credit card,No,No,No internet service,Yes,51.16,673.33,1
CUST02214,Female,0,Yes,No,32,Yes,DSL,Month-to-month,Electronic check,No,No,No,No,54.84,1629.3,0
CUST02215,Female,0,No,No,72,Yes,DSL,Two year,Mailed check,No internet service,No,Yes,No,73.16,5100.16,0
CUST02216,Female,0,Yes,No,29,Yes,DSL,Month-to-month,Mailed check,No,No,No internet service,Yes,81.22,2338.61,0
CUST02217,Female,0,No,No,21,Yes,DSL,Two year,Credit card,No,No,No,No,61.42,1341.7,0
CUST02218,Male,0,Yes,No,21,No,Fiber optic,One year,Mailed check,Yes,No,No,Yes,63.74,1407.3,0
CUST02219,Female,0,No,No,35,Yes,No,Month-to-month,Credit card,Yes,Yes,No internet service,No,27.57,994.78,0
CUST02220,Female,1,No,No,31,Yes,DSL,Month-to-month,Bank transfer,No internet service,No,Yes,No,72.26,2357.96,0
CUST02221,Male,0,Yes,No,43,Yes,DSL,Month-to-month,Bank transfer,No,No,Yes,Yes,56.23,2265.25,0
CUST02222,Female,0,Yes,No,17,Yes,Fiber optic,Month-to-month,Electronic check,No,Yes,Yes,Yes,96.77,1686.9,1
CUST02223,Female,0,No,No,24,Yes,Fiber optic,One year,Bank transfer,No,Yes,No internet service,No,82.19,1886.04,0
CUST02224,Female,0,No,Yes,48,Yes,DSL,Month-to-month,Electronic check,No internet service,No,No,Yes,58.0,2920.52,0
CUST02225,Female,0,No,Yes,50,Yes,No,Two year,Mailed check,No,No,No internet service,No,18.0,889.28,0
CUST02226,Male,0,Yes,Yes,50,Yes,Fiber optic,Month-to-month,Electronic check,Yes,No,Yes,Yes,87.36,4470.29,0
CUST02227,Male,0,No,No,44,Yes,No,Month-to-month,Bank transfer,No,No,Yes,No,26.91,1184.52,0
CUST02228,Male,1,Yes,No,45,No,No,Month-to-month,Bank transfer,No,No internet service,Yes,Yes,34.23,1591.53,0
CUST02229,Female,1,Yes,Yes,32,Yes,Fiber optic,Month-to-month,Credit card,No,Yes,No internet service,No,78.74,2326.83,0
CUST02230,Male,0,No,No,9,Yes,Fiber optic,One year,Electronic check,No,No,Yes,Yes,67.33,527.17,1
CUST02231,Male,0,No,Yes,9,Yes,Fiber optic,Month-to-month,Credit card,No internet service,No,No internet service,No,70.15,662.43,1
CUST02232,Female,0,No,Yes,29,No,No,One year,Credit card,No,No,No,No,18.0,560.71,0
CUST02233,Male,0,No,No,30,Yes,Fiber optic,One year,Credit card,Yes,No internet service,No internet service,No,66.78,1947.08,0
CUST02234,Female,0,Yes,No,14,Yes,DSL,Month-to-month,Bank transfer,No,No internet service,No,No,62.46,906.6,0
CUST02235,Male,0,No,No,15,Yes,DSL,Month-to-month,Electronic check,No internet service,Yes,No,Yes,72.62,943.28,1
CUST02236,Male,0,Yes,No,26,No,Fiber optic,Month-to-month,Credit card,No,Yes,Yes,Yes,87.85,2139.04,1
CUST02237,Female,0,Yes,No,72,No,Fiber optic,Month-to-month,Bank transfer,No,No internet service,No,Yes,64.93,4608.28,1
CUST02238,Female,0,Yes,Yes,12,Yes,No,One year,Bank transfer,No,Yes,No,Yes,27.82,286.61,0
CUST02239,Female,0,No,No,20,Yes,DSL,Month-to-month,Electronic check,No internet service,No internet service,Yes,Yes,61.68,1076.85,0
CUST02240,Male,0,No,No,49,No,No,Month-to-month,Electronic check,No,Yes,No internet service,No,18.0,874.11,0
CUST02241,Female,0,Yes,Yes,44,Yes,DSL,Month-to-month,Electronic check,No internet service,No,Yes,No,67.59,2788.39,0
CUST02242,Male,0,No,No,34,Yes,Fiber optic,Month-to-month,Mailed check,No,Yes,Yes,Yes,74.67,2426.4,0
CUST02243,Female,1,No,No,5,Yes,Fiber optic,Two year,Mailed check,No,No,No,Yes,72.61,345.46,0
CUST02244,Female,0,No,No,23,Yes,DSL,Two year,Credit card,Yes,Yes,No,Yes,55.32,1132.59,0
CUST02245,Male,0,No,No,72,Yes,Fiber optic,One year,Electronic check,No,No,Yes,No,70.35,4886.77,0
CUST02246,Male,0,Yes,No,15,Yes,DSL,Month-to-month,Electronic check,No,No internet service,No internet service,No,64.35,945.02,0
CUST02247,Male,0,No,Yes,14,Yes,DSL,Month-to-month,Electronic check,Yes,Yes,Yes,Yes,75.2,988.8,0
CUST02248,Female,0,No,No,71,Yes,No,Month-to-month,Electronic check,No,No,No,Yes,18.0,1207.58,0
CUST02249,Female,0,No,No,26,Yes,DSL,Two year,Mailed check,Yes,Yes,Yes,No,70.53,1770.92,0
CUST02250,Female,1,No,Yes,6,Yes,Fiber optic,Month-to-month,Bank transfer,No internet service,No,Yes,Yes,82.1,511.02,1
CUST02251,Male,0,Yes,Yes,11,Yes,Fiber optic,Month-to-month,Credit card,No internet service,Yes,No,No,75.05,803.58,0
CUST02252,Male,0,Yes,No,18,Yes,DSL,One year,Electronic check,No,No,No internet service,Yes,56.25,855.72,0
CUST02253,Female,0,No,Yes,33,Yes,No,One year,Electronic check,No,No,No,No,26.95,797.24,0
CUST02254,Male,0,Yes,No,24,Yes,No,Month-to-month,Bank transfer,No,No internet service,Yes,No,33.36,836.85,0
CUST02255,Female,0,Yes,No,14,Yes,No,Month-to-month,Electronic check,No,No internet service,Yes,Yes,25.06,326.99,0
CUST02256,Male,0,No,Yes,24,Yes,No,Two year,Bank transfer,No,Yes,No internet service,Yes,33.18,775.46,0
CUST02257,Male,0,No,No,15,Yes,Fiber optic,Month-to-month,Bank transfer,No,Yes,Yes,Yes,85.7,1433.0,0
CUST02258,Male,0,No,Yes,72,No,No,Two year,Credit card,No internet service,Yes,No,Yes,46.79,3450.5,0
CUST02259,Female,0,No,No,10,Yes,DSL,Month-to-month,Electronic check,Yes,No,Yes,Yes,66.18,549.04,0
CUST02260,Male,0,No,No,19,Yes,DSL,Two year,Credit card,Yes,Yes,Yes,Yes,76.08,1562.81,0
CUST02261,Female,1,No,Yes,17,Yes,Fiber optic,Two year,Credit card,Yes,No internet service,Yes,No,82.08,1382.07,0
CUST02262,Male,0,No,No,18,No,DSL,Month-to-month,Electronic check,No,No internet service,Yes,Yes,64.42,1166.34,0
CUST02263,Female,1,Yes,No,12,Yes,Fiber optic,Two year,Mailed check,Yes,Yes,No,Yes,74.24,892.03,0
CUST02264,Male,1,No,No,68,Yes,Fiber optic,Month-to-month,Mailed check,No,Yes,No,No,83.68,5940.24,0
CUST02265,Female,1,Yes,No,72,Yes,DSL,Month-to-month,Electronic check,Yes,No,No internet service,Yes,62.74,4401.72,0
CUST02266,Female,0,Yes,No,36,Yes,No,Month-to-month,Credit card,Yes,No,Yes,Yes,49.66,1566.6,0
CUST02267,Male,0,Yes,No,34,Yes,DSL,One year,Electronic check,No,No,No,No,64.94,2213.8,0
CUST02268,Male,0,No,Yes,7,Yes,DSL,Month-to-month,Electronic check,No internet service,Yes,No,No,73.07,451.79,1
CUST02269,Female,0,No,No,67,Yes,Fiber optic,Month-to-month,Electronic check,Yes,No internet service,Yes,Yes,85.74,6360.18,1
CUST02270,Male,0,No,Yes,15,Yes,No,Two year,Bank transfer,No,No,Yes,No,27.48,393.51,0
CUST02271,Female,0,No,No,6,Yes,No,Two year,Credit card,No,Yes,Yes,Yes,30.94,181.25,0
CUST02272,Female,1,No,No,40,Yes,DSL,Month-to-month,Bank transfer,No internet service,Yes,Yes,Yes,66.97,2498.46,0
CUST02273,Female,0,Yes,No,55,Yes,No,Month-to-month,Bank transfer,No,No,No,Yes,30.5,1683.78,0
CUST02274,Female,0,No,No,66,Yes,Fiber optic,Month-to-month,Electronic check,No,Yes,Yes,Yes,99.37,6635.85,0
CUST02275,Female,0,No,Yes,20,Yes,No,Month-to-month,Bank transfer,No,No internet service,No,Yes,30.87,575.72,0
CUST02276,Female,0,No,No,18,Yes,DSL,Two year,Mailed check,No internet service,No,No,Yes,57.66,1050.04,0
CUST02277,Female,0,Yes,No,32,No,Fiber optic,Two year,Mailed check,Yes,No internet service,No,No,85.41,2691.41,0
CUST02278,Female,0,Yes,No,24,No,Fiber optic,Month-to-month,Bank transfer,Yes,No,Yes,Yes,76.45,1785.79,0
CUST02279,Female,0,No,No,41,Yes,Fiber optic,Month-to-month,Credit card,No,No internet service,No,No,62.81,2388.23,0
CUST02280,Male,0,Yes,Yes,32,Yes,DSL,Month-to-month,Bank transfer,No,No,No,Yes,61.02,2229.93,0
CUST02281,Male,0,Yes,No,14,Yes,Fiber optic,Month-to-month,Bank transfer,Yes,No,No internet service,No,82.33,1225.0,0
CUST02282,Female,0,Yes,Yes,68,Yes,Fiber optic,Month-to-month,Mailed check,No internet service,Yes,Yes,Yes,81.25,5696.19,0
CUST02283,Female,0,Yes,Yes,41,Yes,Fiber optic,Month-to-month,Electronic check,No,No,Yes,Yes,66.36,2880.89,0
CUST02284,Male,0,Yes,No,55,Yes,Fiber optic,Month-to-month,Mailed check,No internet service,No,No internet service,No,72.3,3980.45,0
CUST02285,Male,0,No,No,14,Yes,DSL,Month-to-month,Bank transfer,No internet service,No,Yes,Yes,73.17,978.84,0
CUST02286,Male,0,No,Yes,40,Yes,No,Two year,Bank transfer,No,No,Yes,No,18.0,572.39,0
CUST02287,Male,0,No,Yes,48,Yes,Fiber optic,One year,Bank transfer,No internet service,Yes,No internet service,No,87.82,3771.36,0
CUST02288,Male,0,Yes,No,31,No,Fiber optic,Month-to-month,Electronic check,No,No,No,No,61.07,2142.22,0
CUST02289,Male,0,Yes,Yes,11,Yes,No,Month-to-month,Electronic check,No,Yes,No,No,38.8,452.93,0
CUST02290,Female,0,Yes,Yes,29,Yes,Fiber optic,Two year,Electronic check,No,No,Yes,No,64.03,1846.03,0
CUST02291,Female,1,Yes,Yes,45,Yes,DSL,Month-to-month,Bank transfer,No internet service,No,Yes,Yes,55.2,2160.02,0
CUST02292,Female,0,Yes,Yes,57,Yes,Fiber optic,Two year,Credit card,No,No internet service,Yes,No,84.95,4960.46,0
CUST02293,Female,1,No,No,8,No,No,Month-to-month,Mailed check,No,No,No,Yes,34.73,266.88,1
CUST02294,Male,0,No,No,31,Yes,DSL,Two year,Bank transfer,No,No internet service,No,Yes,58.93,1879.55,0
CUST02295,Male,0,No,No,9,Yes,Fiber optic,Month-to-month,Bank transfer,No internet service,No internet service,No,No,91.16,740.17,1
CUST02296,Male,0,Yes,No,45,Yes,DSL,Two year,Electronic check,No,Yes,No internet service,Yes,58.82,2503.18,0
CUST02297,Female,0,Yes,No,53,Yes,No,Month-to-month,Electronic check,No,No,No internet service,No,18.0,994.03,0
CUST02298,Female,1,Yes,No,13,No,Fiber optic,Two year,Electronic check,No,Yes,Yes,No,85.58,1240.42,0
CUST02299,Female,0,Yes,No,11,No,No,One year,Credit card,No,No internet service,No,No,22.2,228.06,0
CUST02300,Male,1,No,No,17,Yes,Fiber optic,Month-to-month,Electronic check,Yes,No,No,Yes,74.27,1148.99,1
CUST02301,Female,1,Yes,No,24,Yes,DSL,Two year,Mailed check,No,Yes,No internet service,Yes,61.06,1541.06,0
CUST02302,Female,0,No,No,15,Yes,Fiber optic,Month-to-month,Mailed check,No,Yes,No internet service,Yes,84.54,1130.9,1
CUST02303,Male,0,No,No,48,Yes,No,Month-to-month,Bank transfer,No,No,No,Yes,29.35,1263.47,0
CUST02304,Male,0,Yes,No,57,Yes,DSL,Month-to-month,Electronic check,Yes,Yes,No,No,79.91,4548.56,0
CUST02305,Male,0,Yes,No,30,Yes,DSL,One year,Credit card,No,No,Yes,No,63.08,2130.84,0
CUST02306,Female,0,Yes,Yes,16,Yes,Fiber optic,Two year,Electronic check,Yes,No internet service,No,No,74.7,1100.28,1
CUST02307,Female,0,Yes,No,24,No,Fiber optic,Month-to-month,Credit card,No,Yes,No,No,84.85,1942.96,0
CUST02308,Female,1,No,No,30,Yes,DSL,One year,Bank transfer,No internet service,No,No,No,58.94,1746.61,0
CUST02309,Female,0,No,Yes,23,Yes,DSL,Two year,Mailed check,No,No,No,Yes,57.31,1248.15,0
CUST02310,Male,0,No,No,26,Yes,DSL,One year,Bank transfer,No internet service,No,No,Yes,42.49,946.01,0
CUST02311,Female,0,No,No,54,No,Fiber optic,Month-to-month,Mailed check,No,Yes,No,No,80.67,4513.6,0
CUST02312,Female,0,Yes,Yes,15,Yes,Fiber optic,Month-to-month,Electronic check,Yes,Yes,No internet service,No,84.76,1262.55,0
CUST02313,Male,1,Yes,No,72,Yes,Fiber optic,Month-to-month,Bank transfer,No,No internet service,No,Yes,71.54,5180.14,0
CUST02314,Female,0,Yes,Yes,30,Yes,No,Month-to-month,Bank transfer,No,No,No internet service,Yes,18.74,545.38,0
CUST02315,Female,1,Yes,No,22,Yes,DSL,Month-to-month,Bank transfer,No internet service,No,No,Yes,45.57,1088.68,0
CUST02316,Female,0,No,No,15,Yes,Fiber optic,Two year,Bank transfer,No,No internet service,No,No,75.62,1071.55,0
CUST02317,Female,1,No,No,16,Yes,Fiber optic,One year,Bank transfer,No internet service,Yes,No,Yes,80.27,1161.8,0
CUST02318,Female,0,Yes,No,28,Yes,Fiber optic,One year,Mailed check,No,Yes,No,No,91.12,2797.46,0
CUST02319,Male,0,Yes,No,30,Yes,Fiber optic,Month-to-month,Electronic check,No internet service,Yes,No internet service,No,68.4,1695.15,0
CUST02320,Male,0,Yes,No,22,Yes,Fiber optic,Month-to-month,Electronic check,Yes,No,Yes,No,76.24,1625.68,0
CUST02321,Female,0,No,No,9,Yes,No,Two year,Bank transfer,No,No,No internet service,Yes,18.0,157.9,0
CUST02322,Female,0,Yes,No,28,Yes,DSL,Month-to-month,Electronic check,Yes,No,No,No,67.2,1828.88,1
CUST02323,Female,0,Yes,No,16,Yes,DSL,Two year,Electronic check,No internet service,Yes,No,No,76.91,1072.33,0
CUST02324,Male,0,Yes,No,6,Yes,Fiber optic,Month-to-month,Bank transfer,No,No,Yes,Yes,95.38,513.36,0
CUST02325,Male,0,No,No,42,No,Fiber optic,Month-to-month,Electronic check,No,No internet service,Yes,Yes,84.17,3701.5,0
CUST02326,Male,0,No,No,7,Yes,DSL,One year,Electronic check,No,No,Yes,Yes,73.31,552.67,0
CUST02327,Female,0,No,Yes,21,Yes,No,One year,Credit card,No,Yes,Yes,Yes,44.49,888.31,0
CUST02328,Female,0,Yes,Yes,25,Yes,No,Month-to-month,Bank transfer,No,No,Yes,Yes,37.58,859.5,0
CUST02329,Female,0,Yes,No,62,Yes,Fiber optic,One year,Bank transfer,No,Yes,No internet service,Yes,80.39,4261.8,0
CUST02330,Female,0,No,Yes,6,Yes,Fiber optic,Month-to-month,Mailed check,Yes,Yes,No,No,84.95,533.06,1
CUST02331,Female,0,Yes,No,45,Yes,DSL,Month-to-month,Bank transfer,No,No,No internet service,Yes,76.12,3596.59,0
CUST02332,Male,0,Yes,No,50,Yes,Fiber optic,Month-to-month,Credit card,No,No,No,Yes,73.75,2888.21,1
CUST02333,Female,0,No,No,72,Yes,Fiber optic,One year,Electronic check,No,No internet service,No,No,72.19,4211.82,0
CUST02334,Male,0,Yes,Yes,56,Yes,No,One year,Electronic check,No,Yes,No internet service,No,34.58,1916.3,0
CUST02335,Male,1,Yes,No,26,Yes,Fiber optic,Month-to-month,Electronic check,No,Yes,Yes,No,86.81,2253.97,1
CUST02336,Male,0,No,No,46,Yes,DSL,Two year,Credit card,No internet service,No,No,No,60.97,2654.82,0
CUST02337,Female,0,No,Yes,64,Yes,DSL,One year,Electronic check,No internet service,No,No internet service,No,57.54,3600.42,0
CUST02338,Male,0,Yes,No,5,Yes,DSL,Month-to-month,Mailed check,No internet service,No,No internet service,Yes,68.15,328.04,0
CUST02339,Female,0,Yes,No,9,Yes,No,Month-to-month,Mailed check,No,No,No,Yes,33.35,294.7,0
CUST02340,Female,0,No,No,32,Yes,No,Month-to-month,Credit card,Yes,Yes,No internet service,Yes,50.33,1476.78,0
CUST02341,Female,0,Yes,No,49,Yes,No,Month-to-month,Electronic check,No,No,No,No,24.81,1190.33,1
CUST02342,Female,0,Yes,Yes,41,Yes,No,Two year,Mailed check,Yes,No internet service,Yes,Yes,35.31,1350.42,0
CUST02343,Male,0,No,No,34,Yes,DSL,Two year,Credit card,No,Yes,Yes,Yes,76.98,2426.15,0
CUST02344,Male,0,No,No,72,Yes,Fiber optic,Month-to-month,Electronic check,Yes,No,No,Yes,73.6,4500.7,0
CUST02345,Male,0,No,Yes,21,No,Fiber optic,Month-to-month,Bank transfer,No internet service,Yes,Yes,No,97.04,1972.04,0
CUST02346,Female,1,Yes,No,16,Yes,DSL,Month-to-month,Electronic check,Yes,No,Yes,Yes,54.0,895.28,0
CUST02347,Female,1,Yes,No,19,Yes,Fiber optic,Month-to-month,Electronic check,Yes,No,Yes,No,83.69,1522.07,0
CUST02348,Male,1,No,No,33,No,Fiber optic,Month-to-month,Electronic check,No internet service,No,No internet service,No,87.97,2773.12,1
CUST02349,Female,1,No,No,25,Yes,No,Month-to-month,Electronic check,No,Yes,No internet service,Yes,43.9,1172.02,0
CUST02350,Male,0,Yes,No,51,Yes,DSL,Month-to-month,Electronic check,Yes,No,No internet service,No,68.99,3700.57,0
CUST02351,Male,0,No,No,16,Yes,No,Month-to-month,Credit card,No,Yes,No,Yes,39.74,700.33,0
CUST02352,Male,0,Yes,Yes,36,Yes,No,Month-to-month,Mailed check,No internet service,No,No internet service,Yes,20.23,828.78,0
CUST02353,Male,0,No,Yes,46,No,No,Month-to-month,Mailed check,No,No,No,Yes,19.0,860.16,0
CUST02354,Female,0,No,No,64,Yes,DSL,Month-to-month,Bank transfer,No,Yes,No,No,61.06,3513.14,0
CUST02355,Female,1,Yes,No,11,Yes,DSL,Month-to-month,Credit card,No,No,No,Yes,49.89,517.79,0
CUST02356,Female,0,No,No,18,Yes,Fiber optic,Month-to-month,Electronic check,No,No,Yes,No,87.57,1607.96,1
CUST02357,Female,0,No,Yes,24,Yes,DSL,Month-to-month,Electronic check,No,No internet service,No,No,70.75,1835.21,1
CUST02358,Female,0,Yes,No,8,No,DSL,Two year,Electronic check,No,Yes,No,Yes,70.48,511.17,0
CUST02359,Male,0,Yes,Yes,34,Yes,Fiber optic,Month-to-month,Credit card,No,No,No internet service,Yes,78.44,2661.28,0
CUST02360,Female,0,No,Yes,34,Yes,DSL,One year,Credit card,No internet service,Yes,Yes,Yes,77.35,2431.34,0
CUST02361,Male,0,Yes,Yes,32,Yes,Fiber optic,Month-to-month,Mailed check,No,Yes,Yes,Yes,92.55,2871.96,0
CUST02362,Male,0,Yes,No,23,Yes,No,Month-to-month,Electronic check,No,Yes,No,No,18.0,401.04,0
CUST02363,Male,0,Yes,No,60,Yes,Fiber optic,Month-to-month,Mailed check,No,No,Yes,Yes,82.52,4984.29,0
CUST02364,Female,1,No,Yes,19,Yes,No,One year,Bank transfer,No,Yes,No internet service,No,29.6,631.16,0
CUST02365,Male,0,Yes,Yes,56,Yes,Fiber optic,Two year,Electronic check,No,No internet service,No,No,71.68,4067.29,0
CUST02366,Female,0,No,No,18,Yes,Fiber optic,Month-to-month,Electronic check,No,No,No,Yes,73.81,1262.03,0
CUST02367,Female,0,Yes,No,10,Yes,DSL,Month-to-month,Electronic check,Yes,No internet service,No,Yes,53.28,499.96,0
CUST02368,Female,0,Yes,No,26,Yes,Fiber optic,Two year,Bank transfer,Yes,Yes,No,No,71.4,1794.47,0
CUST02369,Female,0,No,Yes,30,Yes,DSL,Month-to-month,Credit card,No,No,Yes,No,61.03,1682.56,0
CUST02370,Female,1,Yes,No,36,Yes,No,Month-to-month,Electronic check,Yes,No,No,Yes,18.0,641.37,0
CUST02371,Female,0,Yes,No,3,Yes,No,Two year,Credit card,No,No,Yes,No,23.76,57.82,0
CUST02372,Male,0,Yes,No,21,Yes,DSL,Month-to-month,Mailed check,No,No,No,No,50.86,1030.91,0
CUST02373,Female,0,No,Yes,72,Yes,DSL,One year,Bank transfer,No internet service,No internet service,No internet service,No,47.52,3321.4,0
CUST02374,Female,0,Yes,No,17,Yes,Fiber optic,Month-to-month,Credit card,No,No,Yes,No,84.23,1286.94,0
CUST02375,Male,0,Yes,No,50,Yes,Fiber optic,Month-to-month,Mailed check,No internet service,No internet service,No,No,64.8,3088.53,0
CUST02376,Male,0,Yes,Yes,72,Yes,DSL,Two year,Electronic check,Yes,Yes,No,No,52.09,3969.49,0
CUST02377,Male,1,Yes,No,72,Yes,DSL,Month-to-month,Electronic check,No internet service,No,No,Yes,55.79,4271.72,0
CUST02378,Female,0,Yes,No,12,Yes,DSL,Month-to-month,Credit card,No,No,No,No,50.09,566.63,0
CUST02379,Male,0,No,No,47,Yes,Fiber optic,Month-to-month,Mailed check,No,No,No,Yes,83.67,3997.94,0
CUST02380,Male,0,Yes,No,49,Yes,DSL,Month-to-month,Electronic check,No,No,No,No,60.06,2575.38,0
CUST02381,Female,0,Yes,No,42,No,Fiber optic,Month-to-month,Bank transfer,No,No,No,Yes,60.24,2427.03,0
CUST02382,Female,1,No,No,10,Yes,DSL,Month-to-month,Electronic check,No,No internet service,Yes,No,71.55,712.75,0
CUST02383,Male,0,No,Yes,32,No,Fiber optic,Month-to-month,Electronic check,No,Yes,No,No,80.68,2806.08,1
CUST02384,Female,0,Yes,No,32,Yes,Fiber optic,Month-to-month,Credit card,No internet service,Yes,No,No,78.09,2657.55,0
CUST02385,Female,0,Yes,Yes,9,Yes,DSL,Two year,Mailed check,No internet service,Yes,No,Yes,79.6,712.55,0
CUST02386,Male,0,Yes,No,22,Yes,No,Month-to-month,Electronic check,No,Yes,No internet service,No,25.2,507.94,0
CUST02387,Male,0,No,Yes,33,Yes,Fiber optic,Two year,Mailed check,No internet service,No,Yes,Yes,88.28,3132.01,0
CUST02388,Male,0,Yes,No,26,Yes,No,Month-to-month,Credit card,Yes,No,No,Yes,21.72,539.97,0
CUST02389,Male,0,Yes,No,44,No,Fiber optic,Month-to-month,Electronic check,No,No,No,Yes,71.85,3197.42,0
CUST02390,Male,0,Yes,Yes,22,No,Fiber optic,Two year,Electronic check,No,No internet service,No,No,66.0,1410.51,0
CUST02391,Female,0,Yes,Yes,30,Yes,DSL,Two year,Mailed check,No,No internet service,No internet service,No,53.51,1797.06,0
CUST02392,Female,0,Yes,No,52,Yes,Fiber optic,Month-to-month,Electronic check,No internet service,No,No,Yes,68.51,3339.14,0
CUST02393,Male,0,Yes,Yes,72,Yes,Fiber optic,Month-to-month,Electronic check,No internet service,No,No,No,56.79,4269.35,0
CUST02394,Female,0,No,No,10,Yes,Fiber optic,Two year,Electronic check,No internet service,Yes,No,Yes,82.77,806.14,0
CUST02395,Female,0,No,No,43,Yes,DSL,Month-to-month,Electronic check,No,No,No,Yes,59.92,2627.67,0
CUST02396,Male,0,No,No,19,No,DSL,Month-to-month,Bank transfer,No,No,No internet service,No,47.02,976.82,0
CUST02397,Male,0,No,No,37,Yes,DSL,Month-to-month,Electronic check,No,Yes,No internet service,No,72.28,2245.61,0
CUST02398,Female,0,Yes,Yes,9,Yes,DSL,Two year,Mailed check,Yes,No,Yes,No,78.66,690.54,0
CUST02399,Female,0,No,No,60,No,Fiber optic,One year,Bank transfer,No internet service,No,No,Yes,66.68,3670.4,0
CUST02400,Male,1,No,No,15,Yes,No,Month-to-month,Electronic check,Yes,Yes,No,Yes,26.72,405.29,0
CUST02401,Female,0,No,No,52,Yes,DSL,Two year,Electronic check,No internet service,No,No,Yes,67.91,3631.59,0
CUST02402,Male,0,No,No,10,Yes,DSL,Month-to-month,Credit card,No,No,No,No,62.23,589.36,0
CUST02403,Male,0,Yes,No,8,Yes,DSL,Two year,Bank transfer,Yes,No,No internet service,Yes,57.91,437.08,0
CUST02404,Male,0,Yes,Yes,23,Yes,DSL,Month-to-month,Bank transfer,Yes,Yes,No,Yes,73.52,1681.26,1
CUST02405,Female,0,Yes,No,32,Yes,Fiber optic,One year,Mailed check,No,Yes,Yes,Yes,90.19,2571.14,0
CUST02406,Male,0,Yes,Yes,72,Yes,DSL,Month-to-month,Credit card,No,No,Yes,Yes,78.43,5665.74,0
CUST02407,Female,0,Yes,Yes,31,Yes,No,Month-to-month,Electronic check,No internet service,No,No,Yes,24.87,711.42,1
CUST02408,Male,0,Yes,No,12,Yes,No,Month-to-month,Electronic check,Yes,Yes,No internet service,No,36.41,450.62,0
CUST02409,Female,1,Yes,No,47,Yes,Fiber optic,Two year,Credit card,No,No internet service,No,Yes,80.78,3370.48,0
CUST02410,Female,0,No,No,67,Yes,No,Month-to-month,Electronic check,No,No internet service,No internet service,Yes,18.0,1133.99,0
CUST02411,Male,0,No,Yes,14,Yes,Fiber optic,Month-to-month,Bank transfer,Yes,No,No,No,81.07,1052.6,1
CUST02412,Female,1,No,Yes,51,Yes,No,Month-to-month,Electronic check,No,No internet service,No,Yes,20.96,1025.27,0
CUST02413,Male,1,Yes,No,62,Yes,DSL,One year,Mailed check,No internet service,No,No,Yes,63.0,4204.2,0
CUST02414,Male,0,No,No,48,Yes,No,One year,Bank transfer,No,Yes,Yes,No,54.31,2709.12,0
CUST02415,Female,0,No,Yes,17,Yes,DSL,Month-to-month,Mailed check,No internet service,No,Yes,No,64.55,1038.56,0
CUST02416,Female,0,No,No,32,No,Fiber optic,Month-to-month,Mailed check,No,No,No,No,68.36,2070.18,1
CUST02417,Male,0,No,No,37,Yes,No,One year,Electronic check,No,No,Yes,Yes,32.56,1255.28,0
CUST02418,Female,0,Yes,No,59,Yes,Fiber optic,Month-to-month,Electronic check,Yes,No internet service,Yes,No,68.38,3625.02,0
CUST02419,Female,0,Yes,No,17,Yes,DSL,Month-to-month,Bank transfer,No,No,Yes,Yes,84.59,1411.52,0
CUST02420,Female,0,No,No,52,Yes,DSL,Month-to-month,Electronic check,Yes,Yes,Yes,Yes,74.66,3640.05,0
CUST02421,Female,0,No,Yes,25,Yes,DSL,Month-to-month,Bank transfer,Yes,Yes,Yes,Yes,88.16,2133.43,0
CUST02422,Male,0,Yes,No,21,Yes,Fiber optic,Two year,Mailed check,No,No internet service,No,Yes,69.33,1509.27,0
CUST02423,Female,0,Yes,No,29,Yes,Fiber optic,One year,Mailed check,Yes,Yes,No internet service,Yes,80.27,2172.22,0
CUST02424,Male,0,Yes,Yes,3,Yes,Fiber optic,Month-to-month,Electronic check,No,No internet service,No,Yes,79.55,250.15,0
CUST02425,Female,0,Yes,Yes,4,Yes,No,Two year,Credit card,No,Yes,No,Yes,24.18,109.68,0
CUST02426,Male,1,No,No,5,Yes,DSL,Month-to-month,Mailed check,No,No,Yes,Yes,66.18,338.27,0
CUST02427,Female,0,No,No,38,No,No,Two year,Electronic check,No,Yes,Yes,Yes,48.25,1786.04,0
CUST02428,Female,0,Yes,No,23,No,Fiber optic,Month-to-month,Credit card,No,Yes,No internet service,Yes,78.3,1910.75,1
CUST02429,Male,0,Yes,No,17,Yes,Fiber optic,Two year,Electronic check,No,Yes,No,Yes,76.14,1168.02,0
CUST02430,Female,0,Yes,No,27,Yes,Fiber optic,Two year,Credit card,Yes,Yes,No internet service,No,88.92,2608.45,0
CUST02431,Female,0,Yes,Yes,53,Yes,No,Two year,Electronic check,No,Yes,No,No,44.21,2172.75,0
CUST02432,Male,0,No,No,26,No,DSL,Month-to-month,Mailed check,Yes,Yes,No,Yes,79.48,2338.77,0
CUST02433,Female,0,No,No,11,Yes,Fiber optic,Two year,Mailed check,No,No,No,No,66.6,681.17,0
CUST02434,Female,0,No,No,72,No,No,One year,Electronic check,No,No,Yes,No,28.37,2096.4,0
CUST02435,Female,0,Yes,Yes,28,Yes,Fiber optic,Month-to-month,Bank transfer,No internet service,Yes,No internet service,No,76.23,1858.73,0
CUST02436,Male,0,No,Yes,62,Yes,DSL,Month-to-month,Electronic check,No,No,No,Yes,64.75,3874.28,0
CUST02437,Male,0,No,No,48,Yes,Fiber optic,One year,Mailed check,Yes,No,No,Yes,62.43,2710.23,0
CUST02438,Male,1,Yes,Yes,20,Yes,No,Two year,Credit card,Yes,No internet service,Yes,No,23.88,419.86,0
CUST02439,Male,0,No,Yes,72,Yes,DSL,Two year,Bank transfer,No internet service,No,No,Yes,53.29,4083.92,0
CUST02440,Female,0,No,No,18,Yes,Fiber optic,Month-to-month,Mailed check,No,No,No internet service,No,64.49,1037.86,0
CUST02441,Female,0,No,No,37,Yes,No,One year,Electronic check,No,No internet service,No,No,32.07,1101.8,0
CUST02442,Female,0,Yes,No,34,Yes,Fiber optic,Month-to-month,Electronic check,Yes,No internet service,No internet service,Yes,78.54,2457.77,1
CUST02443,Female,0,Yes,Yes,36,Yes,DSL,Month-to-month,Credit card,No internet service,No internet service,Yes,Yes,63.15,2409.3,1
CUST02444,Female,0,No,Yes,71,Yes,Fiber optic,Two year,Bank transfer,No,No,No internet service,Yes,70.45,5258.17,0
CUST02445,Male,0,Yes,No,28,Yes,Fiber optic,One year,Bank transfer,Yes,No,No,No,51.68,1546.77,0
CUST02446,Male,0,Yes,No,32,Yes,Fiber optic,Two year,Mailed check,No,No internet service,No internet service,No,68.34,2022.75,0
CUST02447,Male,0,No,Yes,34,Yes,Fiber optic,Month-to-month,Mailed check,No,No,No,No,81.95,2993.8,0
CUST02448,Male,0,Yes,No,72,Yes,Fiber optic,Month-to-month,Electronic check,No,Yes,No,Yes,75.91,5052.06,1
CUST02449,Male,0,Yes,Yes,59,Yes,No,One year,Electronic check,No internet service,No internet service,No,No,18.0,984.66,0
CUST02450,Female,0,No,Yes,7,Yes,No,Month-to-month,Mailed check,No internet service,No internet service,No internet service,Yes,36.01,234.7,0
CUST02451,Male,1,No,Yes,18,No,No,Two year,Electronic check,No,Yes,No internet service,Yes,24.08,404.68,0
CUST02452,Male,0,No,No,30,Yes,Fiber optic,Two year,Electronic check,No internet service,Yes,No,Yes,92.37,2698.07,0
CUST02453,Female,0,No,Yes,70,Yes,DSL,Two year,Mailed check,No internet service,No internet service,No,Yes,82.1,5294.66,0
CUST02454,Female,0,Yes,No,72,Yes,Fiber optic,Two year,Mailed check,No,No,No,Yes,71.12,5101.18,0
CUST02455,Male,0,Yes,No,27,Yes,DSL,Month-to-month,Mailed check,No,No,Yes,Yes,76.95,1656.6,0
CUST02456,Female,0,No,No,18,Yes,Fiber optic,Month-to-month,Bank transfer,No,Yes,Yes,Yes,74.65,1338.29,1
CUST02457,Male,0,Yes,Yes,25,Yes,DSL,Two year,Bank transfer,No,Yes,No,Yes,53.3,1204.21,0
CUST02458,Male,0,Yes,Yes,31,Yes,Fiber optic,Month-to-month,Electronic check,No,No,No,Yes,65.63,1898.5,0
CUST02459,Female,0,Yes,Yes,23,Yes,Fiber optic,Two year,Bank transfer,No internet service,No internet service,No,No,78.58,1689.56,0
CUST02460,Female,0,No,No,63,Yes,Fiber optic,Month-to-month,Mailed check,No internet service,No,No,Yes,72.01,4745.42,0
CUST02461,Female,1,Yes,No,22,Yes,Fiber optic,Two year,Mailed check,No,Yes,No,Yes,78.51,1753.68,1
CUST02462,Female,0,No,Yes,14,Yes,DSL,Month-to-month,Credit card,No,Yes,Yes,Yes,64.67,876.78,0
CUST02463,Female,1,Yes,No,24,Yes,DSL,Two year,Electronic check,No,Yes,Yes,No,73.98,1651.12,0
CUST02464,Male,0,No,No,35,Yes,Fiber optic,Month-to-month,Bank transfer,No internet service,No internet service,Yes,Yes,74.85,2710.92,1
CUST02465,Female,1,Yes,Yes,64,Yes,No,One year,Electronic check,No,No,No,Yes,18.0,1273.69,0
CUST02466,Female,0,Yes,Yes,13,Yes,No,Two year,Electronic check,Yes,No internet service,No,No,18.0,228.86,0
CUST02467,Female,0,No,Yes,35,No,No,Month-to-month,Mailed check,No,No internet service,No internet service,Yes,26.54,806.39,0
CUST02468,Male,0,No,Yes,36,Yes,DSL,Month-to-month,Electronic check,Yes,No,Yes,Yes,61.24,2052.07,0
CUST02469,Female,1,Yes,No,41,Yes,DSL,Month-to-month,Electronic check,Yes,Yes,No internet service,No,66.95,2797.5,0
CUST02470,Female,0,Yes,Yes,22,Yes,Fiber optic,One year,Mailed check,No,No internet service,No,Yes,57.85,1207.81,1
CUST02471,Male,0,Yes,No,40,Yes,Fiber optic,One year,Electronic check,Yes,Yes,Yes,Yes,92.03,3386.3,0
CUST02472,Female,0,Yes,No,47,Yes,Fiber optic,One year,Mailed check,No internet service,No internet service,No,Yes,73.93,3185.78,0
CUST02473,Female,1,No,No,21,Yes,No,Month-to-month,Electronic check,No,No,No internet service,No,23.15,479.55,0
CUST02474,Female,0,Yes,No,32,Yes,Fiber optic,Month-to-month,Mailed check,No,No,No,Yes,73.29,2046.57,1
CUST02475,Female,0,No,No,25,Yes,Fiber optic,Two year,Mailed check,No,No,No,Yes,79.47,1942.2,0
CUST02476,Female,0,Yes,No,16,Yes,No,One year,Mailed check,No,No,Yes,Yes,21.41,337.83,0
CUST02477,Male,1,No,No,10,Yes,DSL,Month-to-month,Bank transfer,No,No,Yes,Yes,67.53,640.54,1
CUST02478,Female,0,Yes,No,18,No,No,Month-to-month,Credit card,No internet service,No,Yes,Yes,22.56,368.31,0
CUST02479,Female,0,Yes,Yes,19,Yes,Fiber optic,Month-to-month,Electronic check,No,Yes,Yes,Yes,88.7,1771.74,1
CUST02480,Female,0,Yes,No,9,Yes,DSL,Two year,Mailed check,No,No,No,Yes,56.93,454.32,0
CUST02481,Male,1,No,Yes,38,Yes,No,One year,Credit card,No,No,Yes,Yes,32.8,1236.54,0
CUST02482,Male,1,No,No,49,Yes,No,One year,Bank transfer,No,No internet service,No,No,31.79,1605.91,0
CUST02483,Female,0,No,No,25,Yes,Fiber optic,One year,Credit card,No,No internet service,No internet service,No,78.55,1946.4,0
CUST02484,Female,0,Yes,No,28,Yes,DSL,Two year,Bank transfer,No,No,No internet service,Yes,67.69,2020.76,0
CUST02485,Female,0,Yes,No,20,Yes,DSL,Month-to-month,Bank transfer,No,No internet service,Yes,Yes,63.83,1149.61,0
CUST02486,Female,1,Yes,Yes,26,Yes,Fiber optic,Month-to-month,Electronic check,No,No,Yes,No,85.63,2058.59,0
CUST02487,Female,0,Yes,No,40,Yes,DSL,Month-to-month,Electronic check,Yes,Yes,No,No,71.05,2693.4,0
CUST02488,Female,0,No,No,35,Yes,DSL,Two year,Bank transfer,Yes,Yes,Yes,Yes,72.03,3051.35,0
CUST02489,Male,0,No,No,26,Yes,Fiber optic,One year,Mailed check,No,No internet service,No,Yes,72.94,1925.92,0
CUST02490,Female,0,No,No,19,Yes,DSL,Month-to-month,Bank transfer,Yes,No,No,Yes,57.94,1132.4,0
CUST02491,Female,0,No,Yes,47,Yes,Fiber optic,Two year,Credit card,No,No internet service,No,Yes,83.16,4009.1,0
CUST02492,Female,0,Yes,No,20,Yes,Fiber optic,Month-to-month,Electronic check,No internet service,No,Yes,Yes,86.48,1704.55,1
CUST02493,Male,1,Yes,Yes,10,Yes,DSL,Month-to-month,Mailed check,No,Yes,Yes,Yes,72.31,761.76,1
CUST02494,Male,0,No,No,31,Yes,Fiber optic,One year,Credit card,No,No,No internet service,No,68.76,1809.86,0
CUST02495,Female,0,Yes,No,6,Yes,DSL,Two year,Credit card,No,No,No internet service,Yes,66.66,399.72,0
CUST02496,Female,0,Yes,No,34,Yes,DSL,Month-to-month,Credit card,No,No,No,Yes,69.72,2394.13,0
CUST02497,Male,0,No,No,36,Yes,Fiber optic,Month-to-month,Bank transfer,No,No internet service,No,Yes,74.52,2820.36,1
CUST02498,Male,1,No,No,18,Yes,Fiber optic,Two year,Credit card,No internet service,No,No,No,77.27,1250.53,1
CUST02499,Female,0,No,No,20,No,DSL,One year,Mailed check,No,No,Yes,Yes,77.43,1400.33,0
CUST02500,Male,0,Yes,No,51,Yes,Fiber optic,One year,Electronic check,No,No,No internet service,No,70.6,3271.79,0
